--
-- PostgreSQL database dump
--

-- Dumped from database version 12.18 (Ubuntu 12.18-0ubuntu0.20.04.1)
-- Dumped by pg_dump version 12.18 (Ubuntu 12.18-0ubuntu0.20.04.1)

SET statement_timeout = 0;
SET lock_timeout = 0;
SET idle_in_transaction_session_timeout = 0;
SET client_encoding = 'UTF8';
SET standard_conforming_strings = on;
SELECT pg_catalog.set_config('search_path', '', false);
SET check_function_bodies = false;
SET xmloption = content;
SET client_min_messages = warning;
SET row_security = off;

SET default_tablespace = '';

SET default_table_access_method = heap;

--
-- Name: auth_group; Type: TABLE; Schema: public; Owner: trivasoft
--

CREATE TABLE public.auth_group (
    id integer NOT NULL,
    name character varying(150) NOT NULL
);


ALTER TABLE public.auth_group OWNER TO trivasoft;

--
-- Name: auth_group_id_seq; Type: SEQUENCE; Schema: public; Owner: trivasoft
--

ALTER TABLE public.auth_group ALTER COLUMN id ADD GENERATED BY DEFAULT AS IDENTITY (
    SEQUENCE NAME public.auth_group_id_seq
    START WITH 1
    INCREMENT BY 1
    NO MINVALUE
    NO MAXVALUE
    CACHE 1
);


--
-- Name: auth_group_permissions; Type: TABLE; Schema: public; Owner: trivasoft
--

CREATE TABLE public.auth_group_permissions (
    id bigint NOT NULL,
    group_id integer NOT NULL,
    permission_id integer NOT NULL
);


ALTER TABLE public.auth_group_permissions OWNER TO trivasoft;

--
-- Name: auth_group_permissions_id_seq; Type: SEQUENCE; Schema: public; Owner: trivasoft
--

ALTER TABLE public.auth_group_permissions ALTER COLUMN id ADD GENERATED BY DEFAULT AS IDENTITY (
    SEQUENCE NAME public.auth_group_permissions_id_seq
    START WITH 1
    INCREMENT BY 1
    NO MINVALUE
    NO MAXVALUE
    CACHE 1
);


--
-- Name: auth_permission; Type: TABLE; Schema: public; Owner: trivasoft
--

CREATE TABLE public.auth_permission (
    id integer NOT NULL,
    name character varying(255) NOT NULL,
    content_type_id integer NOT NULL,
    codename character varying(100) NOT NULL
);


ALTER TABLE public.auth_permission OWNER TO trivasoft;

--
-- Name: auth_permission_id_seq; Type: SEQUENCE; Schema: public; Owner: trivasoft
--

ALTER TABLE public.auth_permission ALTER COLUMN id ADD GENERATED BY DEFAULT AS IDENTITY (
    SEQUENCE NAME public.auth_permission_id_seq
    START WITH 1
    INCREMENT BY 1
    NO MINVALUE
    NO MAXVALUE
    CACHE 1
);


--
-- Name: auth_user; Type: TABLE; Schema: public; Owner: trivasoft
--

CREATE TABLE public.auth_user (
    id integer NOT NULL,
    password character varying(128) NOT NULL,
    last_login timestamp with time zone,
    is_superuser boolean NOT NULL,
    username character varying(150) NOT NULL,
    first_name character varying(150) NOT NULL,
    last_name character varying(150) NOT NULL,
    email character varying(254) NOT NULL,
    is_staff boolean NOT NULL,
    is_active boolean NOT NULL,
    date_joined timestamp with time zone NOT NULL
);


ALTER TABLE public.auth_user OWNER TO trivasoft;

--
-- Name: auth_user_groups; Type: TABLE; Schema: public; Owner: trivasoft
--

CREATE TABLE public.auth_user_groups (
    id bigint NOT NULL,
    user_id integer NOT NULL,
    group_id integer NOT NULL
);


ALTER TABLE public.auth_user_groups OWNER TO trivasoft;

--
-- Name: auth_user_groups_id_seq; Type: SEQUENCE; Schema: public; Owner: trivasoft
--

ALTER TABLE public.auth_user_groups ALTER COLUMN id ADD GENERATED BY DEFAULT AS IDENTITY (
    SEQUENCE NAME public.auth_user_groups_id_seq
    START WITH 1
    INCREMENT BY 1
    NO MINVALUE
    NO MAXVALUE
    CACHE 1
);


--
-- Name: auth_user_id_seq; Type: SEQUENCE; Schema: public; Owner: trivasoft
--

ALTER TABLE public.auth_user ALTER COLUMN id ADD GENERATED BY DEFAULT AS IDENTITY (
    SEQUENCE NAME public.auth_user_id_seq
    START WITH 1
    INCREMENT BY 1
    NO MINVALUE
    NO MAXVALUE
    CACHE 1
);


--
-- Name: auth_user_user_permissions; Type: TABLE; Schema: public; Owner: trivasoft
--

CREATE TABLE public.auth_user_user_permissions (
    id bigint NOT NULL,
    user_id integer NOT NULL,
    permission_id integer NOT NULL
);


ALTER TABLE public.auth_user_user_permissions OWNER TO trivasoft;

--
-- Name: auth_user_user_permissions_id_seq; Type: SEQUENCE; Schema: public; Owner: trivasoft
--

ALTER TABLE public.auth_user_user_permissions ALTER COLUMN id ADD GENERATED BY DEFAULT AS IDENTITY (
    SEQUENCE NAME public.auth_user_user_permissions_id_seq
    START WITH 1
    INCREMENT BY 1
    NO MINVALUE
    NO MAXVALUE
    CACHE 1
);


--
-- Name: blog_blog; Type: TABLE; Schema: public; Owner: trivasoft
--

CREATE TABLE public.blog_blog (
    id bigint NOT NULL,
    title character varying(256) NOT NULL,
    main_image character varying(100) NOT NULL,
    short_description text NOT NULL,
    description text NOT NULL,
    publish_datetime timestamp with time zone,
    cat_id bigint NOT NULL,
    reading_time character varying(256) NOT NULL
);


ALTER TABLE public.blog_blog OWNER TO trivasoft;

--
-- Name: blog_blog_id_seq; Type: SEQUENCE; Schema: public; Owner: trivasoft
--

ALTER TABLE public.blog_blog ALTER COLUMN id ADD GENERATED BY DEFAULT AS IDENTITY (
    SEQUENCE NAME public.blog_blog_id_seq
    START WITH 1
    INCREMENT BY 1
    NO MINVALUE
    NO MAXVALUE
    CACHE 1
);


--
-- Name: blog_blog_tags; Type: TABLE; Schema: public; Owner: trivasoft
--

CREATE TABLE public.blog_blog_tags (
    id bigint NOT NULL,
    blog_id bigint NOT NULL,
    tag_id bigint NOT NULL
);


ALTER TABLE public.blog_blog_tags OWNER TO trivasoft;

--
-- Name: blog_blog_tags_id_seq; Type: SEQUENCE; Schema: public; Owner: trivasoft
--

ALTER TABLE public.blog_blog_tags ALTER COLUMN id ADD GENERATED BY DEFAULT AS IDENTITY (
    SEQUENCE NAME public.blog_blog_tags_id_seq
    START WITH 1
    INCREMENT BY 1
    NO MINVALUE
    NO MAXVALUE
    CACHE 1
);


--
-- Name: blog_category; Type: TABLE; Schema: public; Owner: trivasoft
--

CREATE TABLE public.blog_category (
    id bigint NOT NULL,
    name character varying(256) NOT NULL,
    image character varying(100),
    icon character varying(100),
    sort integer NOT NULL,
    description text,
    lft integer NOT NULL,
    rght integer NOT NULL,
    tree_id integer NOT NULL,
    level integer NOT NULL,
    parent_id bigint,
    CONSTRAINT blog_category_level_check CHECK ((level >= 0)),
    CONSTRAINT blog_category_lft_check CHECK ((lft >= 0)),
    CONSTRAINT blog_category_rght_check CHECK ((rght >= 0)),
    CONSTRAINT blog_category_tree_id_check CHECK ((tree_id >= 0))
);


ALTER TABLE public.blog_category OWNER TO trivasoft;

--
-- Name: blog_category_id_seq; Type: SEQUENCE; Schema: public; Owner: trivasoft
--

ALTER TABLE public.blog_category ALTER COLUMN id ADD GENERATED BY DEFAULT AS IDENTITY (
    SEQUENCE NAME public.blog_category_id_seq
    START WITH 1
    INCREMENT BY 1
    NO MINVALUE
    NO MAXVALUE
    CACHE 1
);


--
-- Name: blog_review; Type: TABLE; Schema: public; Owner: trivasoft
--

CREATE TABLE public.blog_review (
    id bigint NOT NULL,
    full_name character varying(256) NOT NULL,
    "position" character varying(256) NOT NULL,
    feedback text NOT NULL,
    profile_image character varying(100),
    feedback_short_version text NOT NULL
);


ALTER TABLE public.blog_review OWNER TO trivasoft;

--
-- Name: blog_review_id_seq; Type: SEQUENCE; Schema: public; Owner: trivasoft
--

ALTER TABLE public.blog_review ALTER COLUMN id ADD GENERATED BY DEFAULT AS IDENTITY (
    SEQUENCE NAME public.blog_review_id_seq
    START WITH 1
    INCREMENT BY 1
    NO MINVALUE
    NO MAXVALUE
    CACHE 1
);


--
-- Name: blog_tag; Type: TABLE; Schema: public; Owner: trivasoft
--

CREATE TABLE public.blog_tag (
    id bigint NOT NULL,
    name character varying(256) NOT NULL,
    slug character varying(256) NOT NULL
);


ALTER TABLE public.blog_tag OWNER TO trivasoft;

--
-- Name: blog_tag_id_seq; Type: SEQUENCE; Schema: public; Owner: trivasoft
--

ALTER TABLE public.blog_tag ALTER COLUMN id ADD GENERATED BY DEFAULT AS IDENTITY (
    SEQUENCE NAME public.blog_tag_id_seq
    START WITH 1
    INCREMENT BY 1
    NO MINVALUE
    NO MAXVALUE
    CACHE 1
);


--
-- Name: core_featured; Type: TABLE; Schema: public; Owner: trivasoft
--

CREATE TABLE public.core_featured (
    id bigint NOT NULL,
    sort integer NOT NULL,
    blog_id bigint NOT NULL
);


ALTER TABLE public.core_featured OWNER TO trivasoft;

--
-- Name: core_featured_id_seq; Type: SEQUENCE; Schema: public; Owner: trivasoft
--

ALTER TABLE public.core_featured ALTER COLUMN id ADD GENERATED BY DEFAULT AS IDENTITY (
    SEQUENCE NAME public.core_featured_id_seq
    START WITH 1
    INCREMENT BY 1
    NO MINVALUE
    NO MAXVALUE
    CACHE 1
);


--
-- Name: core_general; Type: TABLE; Schema: public; Owner: trivasoft
--

CREATE TABLE public.core_general (
    id bigint NOT NULL,
    site_title character varying(256) NOT NULL,
    meta_description text,
    address character varying(256),
    email character varying(256),
    phone character varying(256)
);


ALTER TABLE public.core_general OWNER TO trivasoft;

--
-- Name: core_general_id_seq; Type: SEQUENCE; Schema: public; Owner: trivasoft
--

ALTER TABLE public.core_general ALTER COLUMN id ADD GENERATED BY DEFAULT AS IDENTITY (
    SEQUENCE NAME public.core_general_id_seq
    START WITH 1
    INCREMENT BY 1
    NO MINVALUE
    NO MAXVALUE
    CACHE 1
);


--
-- Name: core_hottopics; Type: TABLE; Schema: public; Owner: trivasoft
--

CREATE TABLE public.core_hottopics (
    id bigint NOT NULL,
    image character varying(100) NOT NULL,
    category_id bigint NOT NULL
);


ALTER TABLE public.core_hottopics OWNER TO trivasoft;

--
-- Name: core_hottopics_id_seq; Type: SEQUENCE; Schema: public; Owner: trivasoft
--

ALTER TABLE public.core_hottopics ALTER COLUMN id ADD GENERATED BY DEFAULT AS IDENTITY (
    SEQUENCE NAME public.core_hottopics_id_seq
    START WITH 1
    INCREMENT BY 1
    NO MINVALUE
    NO MAXVALUE
    CACHE 1
);


--
-- Name: core_social; Type: TABLE; Schema: public; Owner: trivasoft
--

CREATE TABLE public.core_social (
    id bigint NOT NULL,
    name character varying(256) NOT NULL,
    link character varying(256) NOT NULL,
    icon_black_backround character varying(100),
    icon_white_backround character varying(100),
    video_uzerinde_olsun boolean NOT NULL,
    sort integer NOT NULL
);


ALTER TABLE public.core_social OWNER TO trivasoft;

--
-- Name: core_social_id_seq; Type: SEQUENCE; Schema: public; Owner: trivasoft
--

ALTER TABLE public.core_social ALTER COLUMN id ADD GENERATED BY DEFAULT AS IDENTITY (
    SEQUENCE NAME public.core_social_id_seq
    START WITH 1
    INCREMENT BY 1
    NO MINVALUE
    NO MAXVALUE
    CACHE 1
);


--
-- Name: django_admin_log; Type: TABLE; Schema: public; Owner: trivasoft
--

CREATE TABLE public.django_admin_log (
    id integer NOT NULL,
    action_time timestamp with time zone NOT NULL,
    object_id text,
    object_repr character varying(200) NOT NULL,
    action_flag smallint NOT NULL,
    change_message text NOT NULL,
    content_type_id integer,
    user_id integer NOT NULL,
    CONSTRAINT django_admin_log_action_flag_check CHECK ((action_flag >= 0))
);


ALTER TABLE public.django_admin_log OWNER TO trivasoft;

--
-- Name: django_admin_log_id_seq; Type: SEQUENCE; Schema: public; Owner: trivasoft
--

ALTER TABLE public.django_admin_log ALTER COLUMN id ADD GENERATED BY DEFAULT AS IDENTITY (
    SEQUENCE NAME public.django_admin_log_id_seq
    START WITH 1
    INCREMENT BY 1
    NO MINVALUE
    NO MAXVALUE
    CACHE 1
);


--
-- Name: django_content_type; Type: TABLE; Schema: public; Owner: trivasoft
--

CREATE TABLE public.django_content_type (
    id integer NOT NULL,
    app_label character varying(100) NOT NULL,
    model character varying(100) NOT NULL
);


ALTER TABLE public.django_content_type OWNER TO trivasoft;

--
-- Name: django_content_type_id_seq; Type: SEQUENCE; Schema: public; Owner: trivasoft
--

ALTER TABLE public.django_content_type ALTER COLUMN id ADD GENERATED BY DEFAULT AS IDENTITY (
    SEQUENCE NAME public.django_content_type_id_seq
    START WITH 1
    INCREMENT BY 1
    NO MINVALUE
    NO MAXVALUE
    CACHE 1
);


--
-- Name: django_migrations; Type: TABLE; Schema: public; Owner: trivasoft
--

CREATE TABLE public.django_migrations (
    id bigint NOT NULL,
    app character varying(255) NOT NULL,
    name character varying(255) NOT NULL,
    applied timestamp with time zone NOT NULL
);


ALTER TABLE public.django_migrations OWNER TO trivasoft;

--
-- Name: django_migrations_id_seq; Type: SEQUENCE; Schema: public; Owner: trivasoft
--

ALTER TABLE public.django_migrations ALTER COLUMN id ADD GENERATED BY DEFAULT AS IDENTITY (
    SEQUENCE NAME public.django_migrations_id_seq
    START WITH 1
    INCREMENT BY 1
    NO MINVALUE
    NO MAXVALUE
    CACHE 1
);


--
-- Name: django_session; Type: TABLE; Schema: public; Owner: trivasoft
--

CREATE TABLE public.django_session (
    session_key character varying(40) NOT NULL,
    session_data text NOT NULL,
    expire_date timestamp with time zone NOT NULL
);


ALTER TABLE public.django_session OWNER TO trivasoft;

--
-- Name: django_summernote_attachment; Type: TABLE; Schema: public; Owner: trivasoft
--

CREATE TABLE public.django_summernote_attachment (
    id bigint NOT NULL,
    name character varying(255),
    file character varying(100) NOT NULL,
    uploaded timestamp with time zone NOT NULL
);


ALTER TABLE public.django_summernote_attachment OWNER TO trivasoft;

--
-- Name: django_summernote_attachment_id_seq; Type: SEQUENCE; Schema: public; Owner: trivasoft
--

ALTER TABLE public.django_summernote_attachment ALTER COLUMN id ADD GENERATED BY DEFAULT AS IDENTITY (
    SEQUENCE NAME public.django_summernote_attachment_id_seq
    START WITH 1
    INCREMENT BY 1
    NO MINVALUE
    NO MAXVALUE
    CACHE 1
);


--
-- Name: event_event; Type: TABLE; Schema: public; Owner: trivasoft
--

CREATE TABLE public.event_event (
    id bigint NOT NULL,
    name character varying(256) NOT NULL,
    sort integer NOT NULL
);


ALTER TABLE public.event_event OWNER TO trivasoft;

--
-- Name: event_event_id_seq; Type: SEQUENCE; Schema: public; Owner: trivasoft
--

ALTER TABLE public.event_event ALTER COLUMN id ADD GENERATED BY DEFAULT AS IDENTITY (
    SEQUENCE NAME public.event_event_id_seq
    START WITH 1
    INCREMENT BY 1
    NO MINVALUE
    NO MAXVALUE
    CACHE 1
);


--
-- Name: service_service; Type: TABLE; Schema: public; Owner: trivasoft
--

CREATE TABLE public.service_service (
    id bigint NOT NULL,
    name character varying(256) NOT NULL,
    sort integer NOT NULL,
    description text NOT NULL
);


ALTER TABLE public.service_service OWNER TO trivasoft;

--
-- Name: service_service_id_seq; Type: SEQUENCE; Schema: public; Owner: trivasoft
--

ALTER TABLE public.service_service ALTER COLUMN id ADD GENERATED BY DEFAULT AS IDENTITY (
    SEQUENCE NAME public.service_service_id_seq
    START WITH 1
    INCREMENT BY 1
    NO MINVALUE
    NO MAXVALUE
    CACHE 1
);


--
-- Name: training_telim; Type: TABLE; Schema: public; Owner: trivasoft
--

CREATE TABLE public.training_telim (
    id bigint NOT NULL,
    name character varying(256) NOT NULL,
    sort integer NOT NULL
);


ALTER TABLE public.training_telim OWNER TO trivasoft;

--
-- Name: training_telim_id_seq; Type: SEQUENCE; Schema: public; Owner: trivasoft
--

ALTER TABLE public.training_telim ALTER COLUMN id ADD GENERATED BY DEFAULT AS IDENTITY (
    SEQUENCE NAME public.training_telim_id_seq
    START WITH 1
    INCREMENT BY 1
    NO MINVALUE
    NO MAXVALUE
    CACHE 1
);


--
-- Data for Name: auth_group; Type: TABLE DATA; Schema: public; Owner: trivasoft
--

COPY public.auth_group (id, name) FROM stdin;
\.


--
-- Data for Name: auth_group_permissions; Type: TABLE DATA; Schema: public; Owner: trivasoft
--

COPY public.auth_group_permissions (id, group_id, permission_id) FROM stdin;
\.


--
-- Data for Name: auth_permission; Type: TABLE DATA; Schema: public; Owner: trivasoft
--

COPY public.auth_permission (id, name, content_type_id, codename) FROM stdin;
1	Can add log entry	1	add_logentry
2	Can change log entry	1	change_logentry
3	Can delete log entry	1	delete_logentry
4	Can view log entry	1	view_logentry
5	Can add permission	2	add_permission
6	Can change permission	2	change_permission
7	Can delete permission	2	delete_permission
8	Can view permission	2	view_permission
9	Can add group	3	add_group
10	Can change group	3	change_group
11	Can delete group	3	delete_group
12	Can view group	3	view_group
13	Can add user	4	add_user
14	Can change user	4	change_user
15	Can delete user	4	delete_user
16	Can view user	4	view_user
17	Can add content type	5	add_contenttype
18	Can change content type	5	change_contenttype
19	Can delete content type	5	delete_contenttype
20	Can view content type	5	view_contenttype
21	Can add session	6	add_session
22	Can change session	6	change_session
23	Can delete session	6	delete_session
24	Can view session	6	view_session
25	Can add attachment	7	add_attachment
26	Can change attachment	7	change_attachment
27	Can delete attachment	7	delete_attachment
28	Can view attachment	7	view_attachment
29	Can add general	8	add_general
30	Can change general	8	change_general
31	Can delete general	8	delete_general
32	Can view general	8	view_general
33	Can add social	9	add_social
34	Can change social	9	change_social
35	Can delete social	9	delete_social
36	Can view social	9	view_social
37	Can add featured	10	add_featured
38	Can change featured	10	change_featured
39	Can delete featured	10	delete_featured
40	Can view featured	10	view_featured
41	Can add hot topics	11	add_hottopics
42	Can change hot topics	11	change_hottopics
43	Can delete hot topics	11	delete_hottopics
44	Can view hot topics	11	view_hottopics
45	Can add blog	12	add_blog
46	Can change blog	12	change_blog
47	Can delete blog	12	delete_blog
48	Can view blog	12	view_blog
49	Can add tag	13	add_tag
50	Can change tag	13	change_tag
51	Can delete tag	13	delete_tag
52	Can view tag	13	view_tag
53	Can add Bloq kateqoriya	14	add_category
54	Can change Bloq kateqoriya	14	change_category
55	Can delete Bloq kateqoriya	14	delete_category
56	Can view Bloq kateqoriya	14	view_category
57	Can add service	15	add_service
58	Can change service	15	change_service
59	Can delete service	15	delete_service
60	Can view service	15	view_service
61	Can add telim	16	add_telim
62	Can change telim	16	change_telim
63	Can delete telim	16	delete_telim
64	Can view telim	16	view_telim
65	Can add event	17	add_event
66	Can change event	17	change_event
67	Can delete event	17	delete_event
68	Can view event	17	view_event
69	Can add Rəy	18	add_review
70	Can change Rəy	18	change_review
71	Can delete Rəy	18	delete_review
72	Can view Rəy	18	view_review
\.


--
-- Data for Name: auth_user; Type: TABLE DATA; Schema: public; Owner: trivasoft
--

COPY public.auth_user (id, password, last_login, is_superuser, username, first_name, last_name, email, is_staff, is_active, date_joined) FROM stdin;
1	pbkdf2_sha256$600000$9rGshKU3FlctPs1edg1QaA$AY8tRdRNAcNLonGT1A3QbrkG5j6UxmL+sCoSmy5CuFM=	2024-02-17 06:48:38.94605+00	t	alvinseyidov				t	t	2024-02-16 13:10:03.918261+00
2	pbkdf2_sha256$600000$Enr4CZrwQggBzRDg8BbKvI$Z/s1G3Fr+XLz5tWIpYxKOFQzjWPiTWOz7lPvCUyPv54=	2024-02-17 08:56:55.192677+00	t	lehashim				t	t	2024-02-17 06:49:15+00
\.


--
-- Data for Name: auth_user_groups; Type: TABLE DATA; Schema: public; Owner: trivasoft
--

COPY public.auth_user_groups (id, user_id, group_id) FROM stdin;
\.


--
-- Data for Name: auth_user_user_permissions; Type: TABLE DATA; Schema: public; Owner: trivasoft
--

COPY public.auth_user_user_permissions (id, user_id, permission_id) FROM stdin;
\.


--
-- Data for Name: blog_blog; Type: TABLE DATA; Schema: public; Owner: trivasoft
--

COPY public.blog_blog (id, title, main_image, short_description, description, publish_datetime, cat_id, reading_time) FROM stdin;
1	Soyuq duş nədir?	cold-shower-istock.jpg	Qısa və üstdən cavab versək, bədən istiliyində və ya ondan aşağı olan su ilə duş qəbul etməkdir. Ətraflı danışsaq isə ...	<p><span style="font-family:Verdana,Geneva,sans-serif"><span style="font-size:10pt"><span style="color:#171a1d"><span style="font-size:22px"><strong>Nə vəd edir?</strong> </span><span style="font-size:14px">&ndash; Stress səviyyəmiz azalır, bu isə daha &ccedil;ox enerji verir və qan təzyiqimizə, d&ouml;z&uuml;ml&uuml;l&uuml;y&uuml;m&uuml;zə fayda verir. Ancaq faydalar bununla limitlənmir.</span></span></span></span></p>\r\n\r\n<p><span style="font-size:14px"><span style="font-family:Verdana,Geneva,sans-serif"><span style="color:#171a1d"><strong>Soyuq duş bir n&ouml;v termoterapiyadır. </strong></span><span style="color:#eb2810"><strong>Təravətli və canlı </strong></span><span style="color:#171a1d">olmağımızı dəstəkləyir, <strong>dəri qocalmasının və qırışların &ccedil;oxal-masının qarşısını alır.</strong> </span><span style="color:#eb2810"><strong>Soyuq duşun </strong></span><span style="color:#171a1d">bir &ccedil;ox faydası var ancaq ən populyar olan </span><span style="color:#eb2810"><strong>5 faydasını </strong></span><span style="color:#171a1d">n&ouml;vbəti səhifə g&ouml;rə bilərsiniz.</span></span></span></p>\r\n\r\n<p><span style="font-family:Verdana,Geneva,sans-serif"><span style="font-size:10pt"><span style="color:#171a1d"><span style="font-size:22px"><strong>Nə vəd edir?</strong></span> <span style="font-size:14px">&ndash; Stress səviyyəmiz azalır, bu isə daha &ccedil;ox enerji verir və qan təzyiqimizə, d&ouml;z&uuml;ml&uuml;l&uuml;y&uuml;m&uuml;zə fayda verir. Ancaq faydalar bununla limitlənmir.</span></span></span></span></p>\r\n\r\n<p><span style="font-size:14px"><span style="font-family:Verdana,Geneva,sans-serif"><span style="color:#171a1d"><strong>Soyuq duş bir n&ouml;v termoterapiyadır. </strong></span><span style="color:#eb2810"><strong>Təravətli və canlı </strong></span><span style="color:#171a1d">olmağımızı dəstəkləyir, <strong>dəri qocalmasının və qırışların &ccedil;oxal-masının qarşısını alır.</strong> </span><span style="color:#eb2810"><strong>Soyuq duşun </strong></span><span style="color:#171a1d">bir &ccedil;ox faydası var ancaq ən populyar olan</span><span style="color:#eb2810"><strong>&nbsp;5 faydasını</strong></span><span style="color:#171a1d">&nbsp;sizinlə b&ouml;l&uuml;şəcəm.</span></span></span><br />\r\n<br />\r\n&nbsp;</p>\r\n\r\n<p><span style="font-size:26px"><span style="font-family:Verdana,Geneva,sans-serif"><span style="color:#171a1d"><strong>&Ouml;z&uuml;n&uuml;z&uuml; Daha G&uuml;cl&uuml; Hiss Etdirir</strong></span></span></span></p>\r\n\r\n<p><span style="font-size:14px"><span style="font-family:Verdana,Geneva,sans-serif"><span style="color:#171a1d">Soyuq duş g&uuml;nə başlamaq &uuml;&ccedil;&uuml;n yaxşı fikir kimi g&ouml;r&uuml;nməsə də, oyanmaq və g&uuml;nə enerjili davam etmək &uuml;&ccedil;&uuml;n idealdır. Soyuq duş sizi dərhal yuxudan oyadır və ya təravətləndirir. Soyuq su dərindən nəfəs almağa səbəb olur, bu da oksigen qəbulunu artırır. Beyninizə qan axınının artması sizi daha ayıq hiss edir. Bu g&uuml;nə təzə başlanğıc &uuml;&ccedil;&uuml;n m&uuml;kəmməldir.</span></span></span><br />\r\n&nbsp;</p>\r\n\r\n<p><span style="font-size:26px"><span style="font-family:Verdana,Geneva,sans-serif"><span style="color:#171a1d"><strong>Enerji verir</strong></span></span></span></p>\r\n\r\n<p><span style="font-size:14px"><span style="font-family:Verdana,Geneva,sans-serif"><span style="color:#171a1d">İsti duş qəbul etdikdən sonra insan tez-tez rahat, ləng və isti hiss edir. G&uuml;n&uuml;n sonu &uuml;&ccedil;&uuml;n əla proqram olsa da, başlamaq &uuml;&ccedil;&uuml;n yaxşı yer olmaya bilər. Soyuq duş qəbul etmək &uuml;mumiyyətlə bədəninizi aktivləşdirir. Bu, sizə əhəmiyyətli enerji artımı verir və ayıqlığınızı artırır.</span></span></span><br />\r\n&nbsp;</p>\r\n\r\n<p><span style="font-size:26px"><span style="font-family:Verdana,Geneva,sans-serif"><span style="color:#171a1d"><strong>İmmunitet Sisteminizi G&uuml;cləndirir</strong></span></span></span></p>\r\n\r\n<p><span style="font-size:14px"><span style="font-family:Verdana,Geneva,sans-serif"><span style="color:#171a1d">Soyuq su ilə duş almağın faydalarından biri də immunitet sistemini g&uuml;cləndirməsidir. Soyuq su ilə duş qəbul etmək bədəninizin &ccedil;&ouml;l&uuml; soyuq kimi qəbul etməsinə səbəb olur və isinmək &uuml;&ccedil;&uuml;n daha &ccedil;ox &ccedil;alışır. Bunun &uuml;&ccedil;&uuml;n qan axını artır, bu da sizin immun sisteminizə (bədəninizin təbii m&uuml;dafiə sistemi) təkan verir. Buna g&ouml;rə də, soyuq duş b&uuml;t&uuml;n bədən funksiyalarınız &uuml;&ccedil;&uuml;n yaxşıdır.</span></span></span><br />\r\n&nbsp;</p>\r\n\r\n<p><span style="font-size:26px"><span style="font-family:Verdana,Geneva,sans-serif"><span style="color:#171a1d"><strong>Qan d&ouml;vranına t&ouml;hfə verir</strong></span></span></span></p>\r\n\r\n<p><span style="font-size:14px"><span style="font-family:Verdana,Geneva,sans-serif"><span style="color:#171a1d">Qan axını artır, lakin soyuğun təsiri altında qan damarları daralır və bədənin mərkəzindəki orqanları isti saxlamaq &uuml;&ccedil;&uuml;n &ccedil;alışır. Damarların elastikliyini və &uuml;rək-damar sağlamlığını yaxşılaşdırmaq &uuml;&ccedil;&uuml;n t&ouml;vsiyə olunur, lakin soyuq duşun &uuml;rək-damar xəstəlikləri &uuml;&ccedil;&uuml;n təhl&uuml;kəli olub-olmaması insanın &uuml;mumi sağlamlığından asılıdır. Odur ki, m&uuml;alicəniz davam edirsə, həkiminizlə məsləhətləşməniz t&ouml;vsiyə olunur.</span></span></span><br />\r\n&nbsp;</p>\r\n\r\n<p><span style="font-size:26px"><span style="font-family:Verdana,Geneva,sans-serif"><span style="color:#171a1d"><strong>Arıqlamağa k&ouml;mək edir</strong></span></span></span></p>\r\n\r\n<p><span style="font-size:14px"><span style="font-family:Verdana,Geneva,sans-serif"><span style="color:#171a1d">Soyuq duş maddələr m&uuml;badiləsini x&uuml;susi bir şəkildə stimullaşdırır. Bədəniniz iki n&ouml;v yağ toxumasından ibarətdir; ağ yağ və qəhvəyi yağ. Ağ yağ, yandırdığınızdan daha &ccedil;ox kalori istehlak etdiyiniz zaman saxladığınız yağ n&ouml;v&uuml;d&uuml;r. Qəhvəyi yağ bədəniniz &uuml;&ccedil;&uuml;n &ccedil;ox vacibdir. Həddindən artıq soyuqda oyuna girir və sizi isti saxlayır. Tədqiqatlar g&ouml;stərir ki, soyuq duşlar qəhvəyi yağların istehsalını stimullaşdırır. Bundan əlavə, qəhvəyi yağ maddələr m&uuml;badiləsini əhəmiyyətli dərəcədə s&uuml;rətləndirir, buna g&ouml;rə də istirahət edərkən kalori yandıra bilərsiniz. Bununla belə, &ldquo;Soyuq duş nə qədər kalori yandırır?&rdquo; sualına qəti cavab yoxdur. Bu, etdiyiniz pəhriz və idmandan asılı olaraq dəyişir. &Ccedil;&uuml;nki soyuq duş yalnız dəstək rolunu oynayır.</span></span></span></p>\r\n\r\n<p><br />\r\n<br />\r\n<span style="font-size:26px"><span style="font-family:Verdana,Geneva,sans-serif"><span style="color:#eb2810"><strong>Yaxşı bəs soyuq duş </strong></span><span style="color:#373131"><strong>rutinimiz olarsa,</strong></span><span style="color:#eb2810"><strong> nə ba﻿ş verər?</strong></span></span></span></p>\r\n\r\n<p><span style="font-size:14px"><span style="font-family:Verdana,Geneva,sans-serif"><span style="color:#000000"><strong>Emosional dayanıqlıq:</strong> Əsəbi, narahat, qəzəbli və ya stresli olmağın qarşısını alar. Soyuq duşlar sinir sisteminizi daha &ccedil;evik olmağa və stresin &ouml;hdəsindən gəlməyi &ouml;yrədir. Soyuq su sinir sisteminizə az miqdarda stress verir və beləliklə, bədənimiz zamanla bunun &ouml;hdəsindən gəlməyi &ouml;yrənir.</span></span></span></p>\r\n\r\n<p><span style="font-size:14px"><span style="font-family:Verdana,Geneva,sans-serif"><span style="color:#000000"><strong>Depressiyaya m&uuml;sbət təsir:</strong> Soyuq duşlar beynin noradrenalin (norepinefrin - adrenalinin qardaşı) istehsal edən x&uuml;susi hissəsini stimullaşdırır. Elm deyir ki, &ccedil;ox az noradrenalin olan insanlar tez-tez depressiya d&uuml;ş&uuml;r və emosional olaraq qeyri-sabit hiss edirlər. Soyuq su bunun qarşısını alır.</span></span></span><br />\r\n<br />\r\n&nbsp;</p>\r\n\r\n<p><span style="font-size:26px"><span style="font-family:Verdana,Geneva,sans-serif"><span style="color:#eb2810"><strong>Belə şeylər olur &ndash; </strong></span><span style="color:#373131"><strong>ciddi s&ouml;hbətlərdir.</strong></span></span></span></p>\r\n\r\n<p><span style="font-size:14px"><span style="font-family:Verdana,Geneva,sans-serif"><span style="color:#373131"><strong>Ağrı kəsici effekti:</strong> Bədənin ağrılı hissəsinə buz paketi qoymaq hamımıza məlumdur. Soyuq (su, buz) lokal və ya tekstural şişkinliyi azaltmağa k&ouml;mək edir. Həm&ccedil;inin sinirlərin beynə ağrı siqnalları g&ouml;ndərmə s&uuml;rətini yavaşladır (potensial olaraq ağrı hissini də azalda bilər).</span></span></span></p>\r\n\r\n<p><span style="font-size:14px"><span style="font-family:Verdana,Geneva,sans-serif"><span style="color:#373131"><strong>Nizam-intizam yaratmaq: </strong>&Ccedil;ətin işləri birinci olaraq g&ouml;rmək əksər mənbələrdə t&ouml;vsiyə edilir. G&uuml;nə duşla başlamaq, soyuq suya məruz qalmaq və bunu rutin halına salmaq əməlli başlı disiplin deməkdir.&nbsp;</span></span></span><span style="font-size:14px"><span style="font-family:Verdana,Geneva,sans-serif"><span style="color:#373131">Bunu edəndə isə g&ouml;rd&uuml;y&uuml;m&uuml;z işlərdən motivasiya alır, davamlılığı qorumağın, nizamlı olmağın xoşbəxtliyini yaşayayırıq, yo?</span></span></span></p>\r\n\r\n<p>&nbsp;</p>\r\n\r\n<p><span style="font-size:26px"><span style="font-family:Verdana,Geneva,sans-serif"><span style="color:#373131"><strong>Yaxşı, bəs buna</strong></span><span style="color:#eb2810"><strong> haradan və necə başlayaq?</strong></span></span></span></p>\r\n\r\n<p><span style="font-size:14px"><span style="font-family:Verdana,Geneva,sans-serif"><span style="color:#171a1d">Birbaşa soyuq suyun altına girmək şok effektinə səbəb ola bilər. Buna g&ouml;rə də, uyğunlaşma prosesinə yavaş-yavaş başlamaq yaxşıdır. Əvvəlcə suyun istiliyini alışdığımız temperatura uyğunlaşdırmaq və sonra səviyyəsini aşağı salmaqla davam etmək daha yaxşı başlanğıc hesab olur.</span></span></span></p>\r\n\r\n<p><span style="font-size:14px"><span style="font-family:Verdana,Geneva,sans-serif"><span style="color:#171a1d">Bu sizin &uuml;&ccedil;&uuml;n &ccedil;ətindirsə, əvvəlcə yalnız qollarızı və ayaqlarınızı (mən də belə başlamışam) soyuq suya məruz qoyun. Bu sayədə nəfəsinizi tənzimləmək və &ouml;yrəşmək daha asan olacaq.</span></span></span></p>\r\n\r\n<p><span style="font-size:14px"><span style="font-family:Verdana,Geneva,sans-serif"><span style="color:#171a1d">Soyuq duş alarkən nəfəs almağınıza, sakit və təmkinli qalmağınıza diqqət edin. &Ouml;z&uuml;n&uuml;z&uuml; və nəfəsinizi tutmamağa, sıxmamağa &ccedil;alışın. Belə vaxtı qarın nəfəsindən istifadə etməyiniz t&ouml;vsiyə edilir.&nbsp;</span></span></span></p>\r\n\r\n<p><span style="font-size:14px"><span style="font-family:Verdana,Geneva,sans-serif"><span style="color:#171a1d">Ağırlıq məşqlərinə necə yavaş-yavaş başlayırıqsa, bu məşqə də elə başlamağımız t&ouml;vsiyə edilir. 30 saniyə ilə başlaya, zamanla 1-3 dəqiqəyə y&uuml;ksəldə bilərsiniz. Ardıcıl olaraq hər g&uuml;n 30-90 saniyə soyuq duşa məruz qalmaqla, bədəninizi tamamilə buna &ouml;yrəşdirə, faydalarından yararlana bilərsiniz.</span></span></span></p>\r\n\r\n<p><span style="font-size:14px"><span style="font-family:Verdana,Geneva,sans-serif"><span style="color:#171a1d">Diqqət!&nbsp; Soyuq duşdan sonra uzun m&uuml;ddət titrəməyə və &uuml;ş&uuml;məyə davam etsəniz, bu nəyisə (zaman və ya temperatur) doğru ayarlamadığınız mənasına gələ bilər. N&ouml;vbəti dəfə suyu, zamanı və nəfəsinizi daha doğru ayarlamağa &ccedil;alışa bilərsiniz. &Ouml;z&uuml;n&uuml;z&uuml; hiss etməyə &ccedil;alışın, bu həm fiziki, həm də mənəvi olaraq daha yaxşı təsir edəcək.</span></span></span><br />\r\n&nbsp;</p>	2024-02-17 09:07:48+00	8	4 dəq
3	Pitti Uomo nədir, bilirsiniz?	defustel-ndjoko-max-noble-regbi-kamal-eddine-logan-haze-omalley-1484210895.jpg	Dəb volkanı, gələcəyin geyimlərinə yön verən görüş, dünyanın hər yanından zövqlü və estetik geyimli kişilərin gəldiyi tədbir. Bəs başqa?	<p><span style="font-family:Verdana,Geneva,sans-serif"><span style="font-size:11pt"><span style="color:#000000">Pitti Uomo &ndash; kişi modasına y&ouml;n verən, d&uuml;nyadakı ən tərzli kişiləri bir arada g&ouml;rə biləcəyiniz tədbirdir.</span></span></span></p>\r\n\r\n<p>&nbsp;</p>\r\n\r\n<p><span style="font-family:Verdana,Geneva,sans-serif"><span style="font-size:11pt"><span style="color:#000000"><strong>&quot;Kişi Geyimlərin Məkkəsi&quot; </strong>adlanan bu tədbir artıq 52 ildir ki, intibah d&ouml;vr&uuml;n&uuml;n doğulduğu yer olan Florensiyada ke&ccedil;irilir. <strong>İldə 2 dəfə</strong> </span><span style="color:#e74c3c">yanvar</span><span style="color:#000000"> və </span><span style="color:#e74c3c">iyun</span><span style="color:#e74c3c"> </span><span style="color:#000000">aylarında <strong>4 g&uuml;n</strong> olmaqla ke&ccedil;irilən sərgidə m&uuml;xtəlif rəngdə geyimlər, tərzlər, par&ccedil;alar, estetika, aksessuarlar, corablar, bir s&ouml;zlə, kişi geyiminə y&ouml;n verəcək dəb n&uuml;mayiş olunur. Sadəcə İtaliya ilə limitlənməyən Pitti Uomo tədbirinə d&uuml;nyanın hər yerindən <strong>moda sənayəsi ilə məşğul olan şəxslər, dizaynerlər, stilistlər, jurnalistlər, sahibkarlar, fotoqraflar, bir s&ouml;zlə, z&ouml;vq sahibi olan şəxslər iştirak edir.&nbsp;</strong>Burada lokal və qlobal bir &ccedil;ox brendlər də iştirak edir və sərgidə olmaq yeni m&ouml;vs&uuml;m&uuml;n başlanğıcını qeyd etmək, <strong>kişi modasında gələcək tendensiyaları m&uuml;əyyən etmək &uuml;&ccedil;&uuml;n m&uuml;him rol oynayır.</strong></span></span></span></p>\r\n\r\n<p>&nbsp;</p>\r\n\r\n<p><span style="font-family:Verdana,Geneva,sans-serif"><span style="font-size:11pt"><span style="color:#000000"><strong>Əlavə qeyd: </strong></span><span style="color:#e74c3c">Giorgio Armani kimi dizaynerlər ilk kolleksiyalarını məhz </span></span><span style="font-size:11pt"><span style="color:#e74c3c"><span style="background-color:#ffffff">Pitti Immagine Uomo sərgisində n&uuml;mayiş etdirib.</span></span><span style="color:#202124"><span style="background-color:#ffffff"> </span></span></span><span style="font-size:11pt"><span style="color:#000000">Armani x&uuml;susilə kişi geyimləri ideyasını &ccedil;atdırmaq &uuml;&ccedil;&uuml;n 1979-cu ildə Pitti Uomo 16-nın podiumundan istifadə edib.</span></span></span></p>\r\n\r\n<p><span style="font-family:Verdana,Geneva,sans-serif"><span style="font-size:11pt"><span style="color:#000000">Bu m&ouml;htəşəm tədbirin yaradıcısı aristokrat ailənin nəcib &ouml;vladı olan Giovanni Battista Giorgin dayımızdır.&nbsp;</span></span><span style="font-size:11pt"><span style="color:#000000">Əslində o ilk dəfə tədbiri 1951-ci ildə <strong>&quot;Y&uuml;ksək İtalyan Moda Şousu&quot; </strong>kimi təqdim edib, ancaq 1972-ci ildə &uuml;st&uuml;nl&uuml;y&uuml; kişi dəbinə y&ouml;nəldib və İtalyan dərziliyini, &uuml;slubunu xarici bazara Pitti Uomo adı altında n&uuml;mayiş etdirib. Bu zaman ke&ccedil;irilən&nbsp;</span></span><span style="font-size:11pt"><span style="color:#000000">ilk sərgisində isə əsas fokus məhz kişi dəbi olub. Hətta o zaman</span></span><span style="font-size:11pt"><span style="color:#000000">&nbsp;tədbirə ABŞ-dan alıcıları və dəbə təsir edən şəxsləri dəvət edib. Pitti Florensiyanı &quot;Made in Italy&quot; adı altında beynəlxalq səviyyədə tanıdan uğur m&ouml;h&uuml;rlərindən biri hesab edilir.</span></span></span></p>	2024-02-23 15:19:09+00	16	1 dəq
4	Öpüşün Faydaları	The_Kiss_by_Gustav_Klimt.jpg	Öpüşməmişdən öncə	<p><span style="font-family:Verdana,Geneva,sans-serif"><strong>&Ouml;p&uuml;şərkən&nbsp;bədənimiz xoşbəxtlik hormonu olan endorfini ifraz etməyə başlayır</strong> və təbii ki, biz&nbsp;<strong><span style="color:#e74c3c">xoşbəxt hiss edirik</span></strong>&nbsp;(təbii ki, dəxlisiz adamla &ouml;p&uuml;şm&uuml;r&uuml;ksə).</span></p>\r\n\r\n<p><span style="font-family:Verdana,Geneva,sans-serif">Paralel olaraq<strong> insulin və adrenalin ifrazı artır.</strong> Bu da stress hormonuna m&uuml;sbət təsir edir.&nbsp;&Ouml;p&uuml;şmək &uuml;rək d&ouml;y&uuml;nt&uuml;s&uuml;n&uuml;n s&uuml;rətləndirir və <strong>məşq tempi hesab edilən dəqiqədə 110 vuruşa &ccedil;atdırır</strong>&nbsp;(elə buna g&ouml;rə də&nbsp;oturaq həyat yaşayanlara &ouml;p&uuml;şmək m&uuml;tləqdir. 9-6 işləyənlər sevgilisinə g&ouml;ndərə bilər).<br />\r\n<br />\r\n<span style="font-size:22px"><strong>&Ouml;p&uuml;ş&uuml;n&nbsp;<span style="color:#e74c3c">&uuml;rəyə də faydası var,</span>&nbsp;dostlar!</strong></span></span><br />\r\n&nbsp;</p>\r\n\r\n<p><span style="font-family:Verdana,Geneva,sans-serif"><strong>&Ouml;p&uuml;şmək&nbsp;b&uuml;t&uuml;n &uuml;z əzələlərini aktivləşdirərək qırışların qarşısını alır, bu prossesi ləngidir</strong> (kosmetoloq xərci də təbii &uuml;sulla azalır).</span></p>\r\n\r\n<p><span style="font-family:Verdana,Geneva,sans-serif">İki dəqiqəlik &ouml;p&uuml;şmə 15 kaloriyə bərabərdir. G&uuml;ndə 5 dəfə 2 dəqiqəlik &ouml;p&uuml;şlərlə 150 kalori itirə bilərsiniz.&nbsp;Bu arada, s&ouml;hbət kardiodan d&uuml;şm&uuml;şkən onu da deyim ki, 30 dəqiqəlik kardio ilə 300 kalori yandırırıq. Yəni, 10 dəqiqə daha az məşğul olub, eyni kalorini itirmək m&uuml;mk&uuml;nd&uuml;r. Oturduğumuz yerdən də edilə bilən aktivlik olduğunu d&uuml;ş&uuml;nəndə a&ccedil;ığı ideal s&ouml;hbətdir.</span><br />\r\n&nbsp;</p>\r\n\r\n<p><span style="font-family:Verdana,Geneva,sans-serif">Aparılan araşdırmalara əsasən məlum olub ki, &ouml;p&uuml;şmək immunitet sistemini g&uuml;cləndirir&nbsp;(t&uuml;p&uuml;rcək ağrıkəsici təsirə malikdir). Bu da o deməkdir ki,&nbsp;x&uuml;susi ilə qış aylarında buna diqqət etmək lazımdır &ndash;&nbsp;axı sağlamlıq vacibdir.&nbsp;Odur ki, immunitetiniz d&uuml;şmədən tədbir g&ouml;r&uuml;n, hər g&uuml;n sevgilinizlə &ouml;p&uuml;ş&uuml;n&nbsp;(dostlar,&nbsp;sevgilisi olmayanlara&nbsp;he&ccedil; c&uuml;r k&ouml;mək edə bilmirəm. İnanıram ki, zamanı var. Belə vaxtlarda təlkinlər etmək və dəxlisiz insanla &ouml;p&uuml;şmədiyiniz &uuml;&ccedil;&uuml;n sakitləşmək faydalı ola bilər bəlkə).</span><br />\r\n&nbsp;</p>\r\n\r\n<p><span style="font-family:Verdana,Geneva,sans-serif"><strong>Human Microbiome jurnalında</strong> dərc edilən araşdırmada &ouml;p&uuml;şməyin faydaları haqqında ballandıra-ballandıra&nbsp;yazıblar. Bu saydıqlarım hələ harasıdır daha &ccedil;oxu var.<span style="color:#e74c3c"><strong>&nbsp;G&ouml;rd&uuml;n&uuml;z ki, qarşılıqlı qəşəng enerjiləşirsiniz, iki tərəf də okdur, sağlamlığınız &uuml;&ccedil;&uuml;n &ouml;p&uuml;ş&uuml;n,&nbsp;&ccedil;&uuml;nki sağlamlıq hər şeydən daha vacibdir.</strong></span>&nbsp;G&ouml;rd&uuml;n&uuml;z bəyənmədiniz,<strong>&nbsp;&ldquo;sağlamlığıma zərər verirsən&rdquo; deyib uzaqlaşa bilərsiniz.</strong><br />\r\n<br />\r\nBəlkə&nbsp;&ouml;z&uuml;m&uuml;zlə &ouml;p&uuml;şə bilmərik, ancaq &ouml;z&uuml;m&uuml;zə qayğı g&ouml;stərməyə &ccedil;alışa bilərik.&nbsp;Ən azından, başqasına qıydıqlarımızı &ouml;z&uuml;m&uuml;zə də edərək.&nbsp;&Ouml;p&uuml;rəm sizi,&nbsp;ancaq &ccedil;ox da faydası olmayan yanaqdan.&nbsp;#oldusağolun</span></p>	2024-02-25 09:05:21+00	8	2 dəq
8	Hüzr və xoşbəxtliyin fəlsəfəsi – Hygge	1amUxK8MGDdstd3bZ8Fhh1Q.jpg	Xoşbəxtlik evdən başlayır. "Ev nə əlaqə?" deyirsinizsə, oxumağa davam edin.	<p><span style="font-family:Verdana,Geneva,sans-serif">Bildiyiniz kimi&nbsp;<strong>Danimarka illərdir d&uuml;nyanın ən xoşbəxt ilk &uuml;&ccedil; &ouml;lkəsindən biri olur.&nbsp;</strong>2023-c&uuml; ilin&nbsp;ən xoşbəxt &ouml;lkələri&nbsp;isə sırası ilə&nbsp;<span style="color:#e74c3c"><strong>Finlandiya, Danimarka və İslandiyadır.</strong></span></span></p>\r\n\r\n<p><span style="font-family:Verdana,Geneva,sans-serif">Huga və H&uuml;ga kimi oxunan Hygge s&ouml;z&uuml; danimarkalıların&nbsp;<strong>&quot;xoşbəxtlik sənəti&quot;&nbsp;</strong>sayılır. Hygge fəlsəfə deyir ki,&nbsp;<strong>sadə, ki&ccedil;ik həzzlər əsas xoşbəxtlik &uuml;&ccedil;&uuml;n kifayətdir.&nbsp;</strong>Ancaq maraqlıdır ki, bunların təməli evdən başlayır. &quot;Ev nə əlaqə?&quot; deyirsinizsə, oxumağa davam edin.&nbsp;</span></p>\r\n\r\n<p><span style="font-family:Verdana,Geneva,sans-serif">Məlum məsələ, <strong>Danimarkada havalar soyuq ke&ccedil;ir və&nbsp;ev soyuq havalardan qa&ccedil;ıb isinmək &uuml;&ccedil;&uuml;n ən ideal yer olur.</strong>&nbsp;Elə buna g&ouml;rə də <strong>danimarkalılar evlərini isti və işıqlı tutmağa &ccedil;alışırlar.</strong> Hətta Skandinaviya &ouml;lkələrində insanlar havalar qaranlıq ke&ccedil;ir deyə<strong>&nbsp;pəncərədən &ccedil;&ouml;lə sarı, g&uuml;nəş işığı rəngində lampa yerləşdirirlər.</strong></span></p>\r\n\r\n<p><span style="font-family:Verdana,Geneva,sans-serif">Hygge deyir ki, <span style="color:#e74c3c"><strong>g&uuml;nl&uuml;k həyatın qa&ccedil;aqa&ccedil;ında&nbsp;bir dəqiqə dayan və anın dadını &ccedil;ıxar.</strong></span>&nbsp;Həyatın, xoşbəxtliyin elə bu anda qalmaq olduğunun fərqində ol.&nbsp;<strong>Hygge xaosdan uzaq olmağın xoşbəxtlik &uuml;&ccedil;&uuml;n zəruri olduğunu bildirir. </strong>Danimarkalı yazar və Xoşbəxtlik Araşdırmaları İnstitutunun CEO-su Meik Wiking&nbsp;<strong>&ldquo;Danimarkalıların Xoşbəxtlik Sirri&rdquo;&nbsp;</strong>adlı kitabında&nbsp;danimarkalıların xoşbəxtliyinin&nbsp;məhz&nbsp;Hygge&nbsp;fəlsəfəsi ilə&nbsp;əlaqəli olduğunu bildirir.</span></p>\r\n\r\n<p>&nbsp;</p>\r\n\r\n<p><strong><span style="font-family:Verdana,Geneva,sans-serif"><span style="font-size:20px">Hygg﻿e&nbsp;fəlsəfəsindən nəsibimizi almaq &uuml;&ccedil;&uuml;n nə edə bilərik?&nbsp;<span style="color:#e74c3c">&ndash; 7 addımla cavabı</span></span></span></strong></p>\r\n\r\n<p>&nbsp;</p>\r\n\r\n<p><span style="font-family:Verdana,Geneva,sans-serif"><strong>1. Duyğularımızı hərəkətə ke&ccedil;irək</strong></span></p>\r\n\r\n<p><span style="font-family:Verdana,Geneva,sans-serif">Duyğuları hərəkətə ke&ccedil;irməyin ən kəsdirmə yolu onları stimullaşdırmaqdır. Bunun &uuml;&ccedil;&uuml;n ən asan şeylərdən başlamaq lazımdır. Məsələn, evdə şam yandırmaq, qəşəng qoxulardan istifadə etmək (şamın,&nbsp;&nbsp;ətirlərin və ya qəhvənin qoxusu) olar.</span></p>\r\n\r\n<p>&nbsp;</p>\r\n\r\n<p><span style="font-family:Verdana,Geneva,sans-serif"><strong>2. Olduğunuz yeri isidin</strong></span></p>\r\n\r\n<p><span style="font-family:Verdana,Geneva,sans-serif">S&ouml;hbət tonqal qalamaqdan getmir, evin m&uuml;xtəlik yerlərində olan zəif işıqlardan, şam və lampalardan gedir. Əslində işıq puluna da qənaətdir, gur yanan 10 lampa-dasansa, gecələrə romantika qatan, adamı rahatladan işıqlar təklif edilir &ndash; bəhhhh</span></p>\r\n\r\n<p>&nbsp;</p>\r\n\r\n<p><span style="font-family:Verdana,Geneva,sans-serif"><strong>3. Evinizdə yumuşaq əşyalarınız olsun</strong></span></p>\r\n\r\n<p><span style="font-family:Verdana,Geneva,sans-serif">X&uuml;susi ilə soyuq qış g&uuml;nlərində film izləyərkən, kitab oxuyarkən yanınızda yumuşaq yorğan, yastıq və yellənən kreslo olsa, yaxşı olar deyə qeyd edilir (amma kresloya 15.200$ verin demir də)</span></p>\r\n\r\n<p>&nbsp;</p>\r\n\r\n<p><span style="font-family:Verdana,Geneva,sans-serif"><strong>4. Təbiətin təsirini olduğunuz yerə gətirin</strong></span></p>\r\n\r\n<p><span style="font-family:Verdana,Geneva,sans-serif">Hygge fəlsəfəsinin əsasını əslində evdə təhl&uuml;kəsiz, isti atmosferi yaratmaq olsa da, təbiətin bərpaedici enerjisini g&ouml;zardı etməməyi də t&ouml;vsiyə edir. Evdə bitkilərin, canlıların olmasını, yağış yağanda pəncələri a&ccedil;ıb hiss etməyin vacibliyini x&uuml;susi olaraq vurğulayır.</span></p>\r\n\r\n<p>&nbsp;</p>\r\n\r\n<p><span style="font-family:Verdana,Geneva,sans-serif"><strong>5. Rənglərin g&uuml;c&uuml;ndən faydalanın</strong></span></p>\r\n\r\n<p><span style="font-family:Verdana,Geneva,sans-serif">Rənglərin psixologiyamıza təsiri məlumdur. Hygge deyir ki, sakitləşdirən, fokuslan-mağınıza k&ouml;mək edəcək pastel tonlardan istifadə edin. Evinizi dizayn edəndə &ccedil;ox t&uuml;nd və &ccedil;ox parlar rənglərdən uzaq olun.</span></p>\r\n\r\n<p>&nbsp;</p>\r\n\r\n<p><span style="font-family:Verdana,Geneva,sans-serif"><strong>6. Evdə keyfiyyətli vaxt ke&ccedil;irməyin yollarını axtarın</strong></span></p>\r\n\r\n<p><span style="font-family:Verdana,Geneva,sans-serif">Danimarkalılar həqiqi xoşbəxtliyin və h&uuml;zurun qaynağı kimi evi g&ouml;stərir. Buna g&ouml;rə də onlar evdə yaxşı vaxt ke&ccedil;irmək, oyunlar oynamaq &uuml;&ccedil;&uuml;n şərait yaradır, partilər edirlər. Ancaq bu o demək deyil ki, hər zaman ailə ilə vaxt ke&ccedil;irirlər. Hygge fəlfəsəli tək, &ouml;z&uuml;m&uuml;zlə də vaxt ke&ccedil;irməyin vacib olduğunu bildirir.</span></p>\r\n\r\n<p>&nbsp;</p>\r\n\r\n<p><span style="font-family:Verdana,Geneva,sans-serif"><strong>7. &Ouml;z&uuml;n&uuml;z&uuml; yaxşı hiss etdiyiniz, təhl&uuml;kəsiz yerə gedin</strong></span></p>\r\n\r\n<p><span style="font-family:Verdana,Geneva,sans-serif">G&ouml;zlərinizi yumun və uşaqlığınıza, ən yaxşı hiss etdiyiniz ana gedin. Bədəninizi, i&ccedil;inizə yayılan rahatlığı və g&uuml;vəni hiss edin. Bu an uşaqlığınızda olmaya da bilər, həyatınızın hər hansısa d&ouml;vr&uuml;ndə olan o ana fokuslanın.</span></p>\r\n\r\n<p><strong><span style="font-family:Verdana,Geneva,sans-serif">Bonus:</span></strong></p>\r\n\r\n<p><span style="font-family:Verdana,Geneva,sans-serif">Hggye&nbsp;fəlsəfəsini həyatımıza daxil etmək istəyiriksə,&nbsp;balanslı həyat&nbsp;yaşamağa, otaqda parlamaqdan daha &ccedil;ox &ouml;z&uuml;m&uuml;z&uuml;təbii və rahat&nbsp;hiss etməyə fokuslanmalıyıq.&nbsp;Təndqidləriminizi konstruktiv&nbsp;etməyə, insanlara qarşı&nbsp;nəzakətli&nbsp;olmağa &ccedil;alışmalıyıq. Başqalarının&nbsp;arxasınca danışmamaq,&nbsp;&ouml;z həyatımıza&nbsp;daha &ccedil;ox&nbsp;diqqət&nbsp;ayırmaq&nbsp;və minnətdar olmaq da bu fəlsəfənin təməlində dayanan dəyərlərdəndir.</span></p>\r\n\r\n<p>&nbsp;</p>\r\n\r\n<p><span style="font-family:Verdana,Geneva,sans-serif">Hygge&nbsp;kimi daha yaxşı həyat yaşamağımıza diqqət &ccedil;əkən bir &ccedil;ox fəlsəfə var.&nbsp;<strong>Lykke, Lagom və Ikigai&nbsp;</strong>bunlara misal g&ouml;stərilə bilər. Sonuncu İkigai fəlsəfəsi &ouml;lkəmizdə də kifayət qədər məşhurdur. Kitabı bir m&uuml;ddət bestsellər də olub. <strong>Yollar fərqli, son n&ouml;qtələr isə əksər hallarda eynidir.</strong> Bəzilərimiz bu, bəzilərimiz isə &ouml;z&uuml;m&uuml;z&uuml;n yaratdığı fəlsəfə ilə həyatımızı daha yaşanacaq yer halına gətirməyə &ccedil;alışırıq.&nbsp;<strong>Əsas da elə budur, nələrəsə inanmaq, &ccedil;alışmaq, davam etmək.</strong> Qalanı, onsuz da yaxşı olacaq.</span></p>\r\n\r\n<p>&nbsp;</p>\r\n\r\n<p><span style="font-family:Verdana,Geneva,sans-serif"><strong>&Ouml;z&uuml;m&uuml;z&uuml; analiz edəndə, anlamağa, başa d&uuml;şməyə, qəbul etməyə &ccedil;alışanda, insanları və həyatı da anlamağa başlayırıq.&nbsp;</strong>&Ouml;z ağrılarımızın, doğrularımızın qaynağını g&ouml;rd&uuml;kcə, sərtliyimiz,<strong> ucu &ouml;z&uuml;m&uuml;zə batan kəskin uclarımız yumuşalır.</strong>&nbsp;Belə-belə həyat yaşanacaq yer olur.&nbsp;<span style="color:#e74c3c"><strong>Ən g&ouml;zəl fəlsəfə yaxşı insan olmağa &ccedil;alışmaqdır.</strong></span></span></p>	2024-02-25 17:41:22+00	8	2 dəq
5	Marketinqlə əlaqəli 5 kitab	gettyimages-183822187-1-709a5ded972a426a9e214eba1f81c8a4.jpg	Marketinqlə əlaqəli çalışan, biznesini olan və işi yazmaqdan keçən hər kəsin oxumalı olduğu kitablar haqqında	<p><span style="font-family:Verdana,Geneva,sans-serif"><strong><span style="font-size:20px">Joseph Sugarman <span style="color:#e74c3c">&ldquo;Reklam Yazarını﻿n Elkitabı&rdquo;</span></span></strong></span></p>\r\n\r\n<p><span style="font-family:Verdana,Geneva,sans-serif">Bu kitabı&nbsp;&ldquo;S&ouml;zbaz&rdquo; təliminə hazırlaşarkən oxumağa başlamışdım&nbsp;və illərlə intuisiyama dayanaraq etdiyim şeylərin əslində nə qədər&nbsp;doğru və yerində olduğunu g&ouml;rm&uuml;şd&uuml;m&nbsp;(hər zaman dediyim bir şey var &ndash; intuitiv olaraq etdiyimiz şeylərin doğru olduğunu bilmək davamlı etmək &uuml;&ccedil;&uuml;n vacibdir). Bununla yanaşı, yeni qəşəng şeylərdən də &ouml;yrənmişdim.</span></p>\r\n\r\n<p>&nbsp;</p>\r\n\r\n<p>&nbsp;</p>\r\n\r\n<p><span style="font-family:Verdana,Geneva,sans-serif"><span style="font-size:20px"><strong>Ann Handley <span style="color:#e74c3c">&ldquo;Herkes Yazab﻿ilir&rdquo;</span></strong></span></span></p>\r\n\r\n<p>&nbsp;</p>\r\n\r\n<p><span style="font-family:Verdana,Geneva,sans-serif">Təsirli yazı &uuml;&ccedil;&uuml;n 3 vacib qayda var&nbsp;&ndash; fayda verməsi, ilhamlandırması və i&ccedil;ərisində empatiyanın olması.&nbsp;Yazar dediyi hər &uuml;&ccedil; qaydaya da kitabın &ouml;z&uuml;ndə əməl edib və qəşəng, oxumağa dəyər əsər yaradıb.</span><br />\r\n<br />\r\n&nbsp;</p>\r\n\r\n<p><span style="font-family:Verdana,Geneva,sans-serif"><strong><span style="font-size:20px">Seth Godin <span style="color:#e74c3c">&ldquo;B&uuml;t&uuml;n Pazar﻿lamacılar&nbsp;<s>Yalancıdır</s>&nbsp;Hikaye Anlatırlar&rdquo;</span></span></strong></span></p>\r\n\r\n<p><span style="font-family:Verdana,Geneva,sans-serif">Hekayə vacibdir &ndash; bu hər zaman belə olub, ancaq indi həmişəkindən daha vacibdir. Marketinqlə əlaqəniz olub, olmamasından asılı olmayaraq oxunmalı maraqlı kitablardan biridir.</span><br />\r\n&nbsp;</p>\r\n\r\n<p><span style="font-family:Verdana,Geneva,sans-serif"><strong><span style="font-size:20px">Seth Godin <span style="color:#e74c3c">&ldquo;Mor İnek&rdquo;</span></span></strong></span></p>\r\n\r\n<p><span style="font-family:Verdana,Geneva,sans-serif">Marketinqin ən məşhur kitablarından biridir.&nbsp;Godin deyir ki, uğurun a&ccedil;arı g&ouml;zə&ccedil;arpmaq &uuml;&ccedil;&uuml;n fərqli yol tap-maqdır.&nbsp;Rəngli inəklərin i&ccedil;ində bən&ouml;vşəyi inək olmağın vacibliyini&nbsp;axıcı dillə diqqətə &ccedil;atdırır.</span></p>\r\n\r\n<p>&nbsp;</p>\r\n\r\n<p>&nbsp;</p>\r\n\r\n<p><span style="font-family:Verdana,Geneva,sans-serif"><span style="font-size:20px"><strong>Philip Kotler <span style="color:#e74c3c">&ldquo;Pazarlama 4.0&rdquo; </span>və<span style="color:#e74c3c"> &ldquo;Pazarlama 5.0&rdquo;</span></strong></span></span></p>\r\n\r\n<p>&nbsp;</p>\r\n\r\n<p><span style="font-family:Verdana,Geneva,sans-serif">Philip Kotler&nbsp;adını marketinqlə əlaqəli olan hər kəs azı bir dəfə&nbsp;&nbsp;eşidib deyə d&uuml;ş&uuml;n&uuml;rəm. Əgər marketinqə yeni başlayanlardansınızsa, &ldquo;A-dan Z-yə Marketinq&rdquo;&nbsp;kitabını da oxumağınızı t&ouml;vsiyə edirəm. Digər kitabları isə &ldquo;Pazarlama 4.0&rdquo;&nbsp;&nbsp;və &ldquo;Pazarlama 5.0&rdquo;-dir.</span><br />\r\n&nbsp;</p>\r\n\r\n<p><span style="font-family:Verdana,Geneva,sans-serif">Marketinq və yazmaq sizə də maraqlıdırsa, yola bu kitablarla başlaya bilərsiniz.&nbsp;Ancaq unutmamaq lazımdır ki, bir &ccedil;ox iş kimi marketinqdə də, yazmaqda da&nbsp;əsas məsələ praktikadır.</span></p>	2024-02-25 09:19:34+00	17	2 dəq
2	Güllər danışır	photo-1589994160839-163cd867cfe8.webp	Buketdəki güllərin sayı bir çox şeyi ifadə edir. Məsələn, 7 gül "Səni sevirəm" deməkdir.	<p><span style="font-family:Verdana,Geneva,sans-serif"><strong>1 g&uuml;l: </strong>Tanışlıqdan sonra həyatınıza dəyər qatdığını ifadə etmək &uuml;&ccedil;&uuml;n verilir. İlk g&ouml;r&uuml;şdə yaşanan eşqi də təmsil edən tək g&uuml;l&uuml; quru-quru verməyin, burada g&uuml;llərdən etdiyiniz qənaəti &nbsp;paketləşdirməyə sərf edin.&nbsp;<br />\r\n<strong>2 g&uuml;l: &nbsp;</strong>Qarşılıqlı və dərin eşqi ifadə edir. G&uuml;l&uuml;n biri siz, digəri odur. Ona g&ouml;rə də hər iki insana da h&ouml;rmət edib, təqdimatına x&uuml;susi diqqət g&ouml;stərməyiniz t&ouml;vsiyə ediləndir.<br />\r\n<strong>3 g&uuml;l:</strong> Səni &ccedil;ox sevirəm deməyin fərqli yoludur.&nbsp;<br />\r\n<strong>4 g&uuml;l:</strong> Aramıza he&ccedil; kim girməyəcək deməkdir.<br />\r\n<strong>5 g&uuml;l:</strong> &nbsp;Mənim &uuml;&ccedil;&uuml;n dəyərlisən deməyin başqa yolu da g&ouml;r&uuml;şə 5 g&uuml;llə getməkdir. Nəzərə alın ki, hisslərinizi romantik deyil, dostca ifadə etmək istədiyiniz vaxtlar &uuml;&ccedil;&uuml;n ke&ccedil;ərlidir.<br />\r\n<strong>6 g&uuml;l:</strong> &nbsp;Qarşındakı insanla m&uuml;nasibətə başlamaq istədəyiniz vaxt bunu ifadə etmək &uuml;&ccedil;&uuml;n verilir.<br />\r\n<strong>8 g&uuml;l: </strong>&nbsp;&Ccedil;ətin vaxtlardan ke&ccedil;ən yaxınlarınıza 8 ədəd g&uuml;l vermək onu &nbsp;başa d&uuml;şd&uuml;y&uuml;n&uuml;z&uuml;, anlamağa &ccedil;alışdığınızı ifadə edir. Əgər nə vaxtsa, kiməsə yanında olduğunuzu bildirmək istəsəniz, ona bu sayda &nbsp;g&uuml;l g&ouml;ndərin.<br />\r\n<strong>9 g&uuml;l: </strong>Sevgimiz sonsuza qədər davam edəcək mənasına gəlir.<br />\r\n<strong>10 g&uuml;l:</strong> Səsli olaraq &ldquo;M&uuml;kəmməlsən&rdquo;, &ldquo;&Ccedil;ox g&ouml;zəlsən&rdquo; deyə bilmirsinizsə 10 ədəd g&uuml;l sizə k&ouml;mək edəcək.<br />\r\n<img alt="" src="tulip-bouquet-seasonal-flower-ana-hana-flower-flower-delivery-singapore-gifts-delivery-singapore-36359025754341.jpg.webp" /></span></p>\r\n\r\n<p><span style="font-family:Verdana,Geneva,sans-serif"><strong>11 g&uuml;l:</strong> İnciklik və k&uuml;sk&uuml;nl&uuml;k yaşandığında adətən bağışlanmaq &uuml;&ccedil;&uuml;n bu qədər g&uuml;l hədiyyə edilir.&nbsp;<br />\r\n<strong>12 g&uuml;l:</strong> &ldquo;Qarşılıqlı eşq&rdquo; deməkdir. Sevdiyinizə əminsinizsə və &nbsp;&ouml;z&uuml;n&uuml;z&uuml;, hisslərinizi ifadə etməyin vaxtdı &ccedil;atıbsa, g&ouml;r&uuml;şə 12 g&uuml;llə gedə bilərsiniz. &nbsp;Bununla yanaşı, &nbsp;&ldquo;sadəcə sən&rdquo; deməyin də fərqli yoludur.<br />\r\n<strong>13 g&uuml;l:</strong> Heyran olmaq və bəyənmək mənasına gəlir. Əgər qarşınızdakına bunu hiss etdirmək istəsəniz, &nbsp;13 ədəd g&uuml;l&uuml;n olduğu buketə m&uuml;raciət edə bilərsiniz.</span></p>\r\n\r\n<p><span style="font-family:Verdana,Geneva,sans-serif"><strong>14 g&uuml;l: </strong>Kiminsə uğruna sevinir və q&uuml;rur duyursunuzsa, bağlamanızda 14 ədəd g&uuml;l olsun. &Ccedil;&uuml;nki, bu &ldquo;səninlə q&uuml;rur&rdquo; duyuram deməkdir.<br />\r\n<strong>15 g&uuml;l:</strong> Peşmanlığı ifadə etmək &uuml;&ccedil;&uuml;n verilir.&nbsp;<br />\r\n<strong>16 g&uuml;l:</strong> Gedən adama &ldquo;sağsalamat&rdquo; deməyin başqa yoludur.&nbsp;<br />\r\n<strong>17 g&uuml;l:</strong> Evlilik yubileylərini qeyd edəndə adətən 17 ədəd g&uuml;lə m&uuml;racəit edirlər.<br />\r\n<strong>18 g&uuml;l:</strong> Səmimiyyəti və d&uuml;r&uuml;stl&uuml;y&uuml; təmsil edir. Kiməsə &ldquo;qəlbin həmişə saf qalsın&rdquo; demək istəsəniz, artıq nə edəcəyinizi bilirsiniz.<br />\r\n<strong>19 g&uuml;l:</strong> &nbsp;&ldquo;Səni g&ouml;zləyəcəm&rdquo; demək istəyənlər &uuml;&ccedil;&uuml;n ideal se&ccedil;imdir.</span></p>\r\n\r\n<p><span style="font-family:Verdana,Geneva,sans-serif"><strong>24 g&uuml;l:</strong> &nbsp;Aranızda məsafələr olan biri &uuml;&ccedil;&uuml;n darıxdığınızda ona 24 ədəd g&uuml;l g&ouml;ndərə bilərsininiz. Bununla yanaşı, &ldquo;24 saat səni d&uuml;ş&uuml;n&uuml;rəm&rdquo; mənası da var (yatanda necə d&uuml;ş&uuml;n&uuml;re)<br />\r\n<strong>33 g&uuml;l:</strong> Dərin hisslərlə, l&ouml; eşqlə bağlı olduğunuzu ifadə etmək &nbsp;istəsəniz, buketinizi 33 ədəd g&uuml;ldən istifadə edərək hazırladın. Saf sevgini də ifadə etdiyinə g&ouml;rə ana-bacıya, yaxın dostlara da adətən 33 ədəd g&uuml;l hədiyyə edilir.<br />\r\n<strong>41 G&uuml;l:</strong> X&uuml;susi ilə evlənmə təklifi edənlərin, el&ccedil;iliyə gedənlərin se&ccedil;imi olur. Səbəb kimi 41 ədəd g&uuml;l&uuml;n bağlılıq və sədaqət andı i&ccedil;mək mənasına gəlməsidir.&nbsp;<br />\r\n<strong>44 g&uuml;l:</strong> Biri sizə dəyişməyəcəyini demək istəyirsə, &nbsp;bunu sadəcə s&ouml;zlə yox 44 g&uuml;llə də g&ouml;stərə edə bilər.<br />\r\n<strong>50 g&uuml;l:</strong> Qarşı gəlməyin &ccedil;ətin olduğu eşqdən s&ouml;hbət gedəndə deyirlər &ldquo;mən danışmayım, bu &nbsp;g&uuml;llər danışsın&rdquo; . Bununla yanaşı, yetkin m&uuml;nasibəti və peşman olmamağı ifadə etmək &nbsp;&uuml;&ccedil;&uuml;n də istifadə edilir.&nbsp;<br />\r\n<strong>77 g&uuml;l:</strong> &ldquo;İnanc&rdquo; mənasına gəlir və hədiyyə etdiyiniz adamın ruh yoldaşınız olduğuna inananda verilir.&nbsp;<br />\r\n<strong>99 g&uuml;l: </strong>&ldquo;&Ouml;ləcəyim g&uuml;nə qədər qəlbimdə sən olacaqsan&rdquo; demək &uuml;&ccedil;&uuml;n se&ccedil;ilir. Salam, marketinq!</span></p>	2024-02-17 12:29:59+00	8	3 dəq
6	Aqnostisizm inanc deyil, bəs nədir?	agnostisizm-nedir-1683276057.jpg	Bax bu "Allah var" və "Allah yoxdu" deyənlərdən başqa şey deyir.	<p><span style="font-family:Verdana,Geneva,sans-serif">İlk dəfə ingilis bioloq&nbsp;Tomas Henri Hekslin&nbsp;tərəfindən istifadə edilən&nbsp;<strong>Aqnostisizm fəlsəfi fikirdir </strong>(d&uuml;ş&uuml;ncə olaraq tarixi daha qədimdir)&nbsp;Aqnostisizm s&ouml;z&uuml; yunancadakı&nbsp;&ldquo;agnostos&rdquo;&nbsp;s&ouml;z&uuml;ndən gəlir. <strong>&ldquo;Agnostos&rdquo; isə&nbsp;&ldquo;bilinməz&rdquo;,&nbsp;&ldquo;anlaşıla bilməyən&rdquo;&nbsp;mənasını ifadə edir.&nbsp;</strong>Aqnostisizm&nbsp;biz insanların&nbsp;tanrının&nbsp;(f&ouml;vqəltəbii q&uuml;vvələrin)<strong>&nbsp;varlığı və ya yoxluğu&nbsp;haqqında qəti bilgiyə sahib ola bilməyəcəyinə inanan fəlsəfi və epistemolojik</strong> (epistem﻿ologiya&nbsp;&nbsp;&ndash; məlumat fəlsəfəsi) <strong>m&ouml;vqedir.</strong></span></p>\r\n\r\n<p>&nbsp;</p>\r\n\r\n<p><strong><span style="font-family:Verdana,Geneva,sans-serif"><span style="font-size:20px">Doğru qərarı verəcək&nbsp;şərait&nbsp;﻿yoxdur.</span></span></strong></p>\r\n\r\n<p>&nbsp;</p>\r\n\r\n<p><span style="font-family:Verdana,Geneva,sans-serif"><strong>Məlumat məhdudluğu:&nbsp;</strong>Aqnostiklər məlumatın məhdud olduğunu və f&ouml;vqəl varlıqların, eləcə də&nbsp;tanrının varlığı ilə yoxluğu haqqında məlumatı <strong>dəqiq bilməyəcəyimizə inanırlar.</strong></span></p>\r\n\r\n<p><span style="font-family:Verdana,Geneva,sans-serif"><strong>İnanc və bilgi ayrıdır:&nbsp;</strong>Aqnostisizm inanc və bilgi (məlumat) arasındakı fərqə vurğulayır.<strong>&nbsp;Nəyəsə inanmaqla həmin şeyin dəqiq olaraq bilinməsi arasında fərq olduğunu m&uuml;dafiə edir.&nbsp;</strong>Deyir ki, kimsə nəyəsə inana bilər, ancaq bu inanc bilgiyə &ccedil;evrilməyə bilər.</span></p>\r\n\r\n<p>&nbsp;</p>\r\n\r\n<p><strong><span style="font-family:Verdana,Geneva,sans-serif"><span style="font-size:20px">Bir az ş&uuml;bhə və bir az da&nbsp;inkarın rəddi!</span></span></strong></p>\r\n\r\n<p>&nbsp;</p>\r\n\r\n<p><span style="font-family:Verdana,Geneva,sans-serif"><strong>Aqnostisizm inamı da, inamsızlığı da rədd edir. </strong>Tanrının varlığını iddia edənlərə də&nbsp;ş&uuml;bhə&nbsp;edir, tanrının yoxluğunu dəqiq olaraq iddia edənlərə də&nbsp;ş&uuml;bhə&nbsp;ilə yanaşır.&nbsp;<strong>Aqnostiklər &uuml;&ccedil;&uuml;n s&uuml;but vacibdir.&nbsp;</strong>Onlar tanrıya inanandan da, inanmayandan da<strong><span style="color:#e74c3c"> &ldquo;s&uuml;but y&uuml;k&uuml;&rdquo; </span></strong>istəyirlər. Radikal aqnostiklər tanrının var olub olmadığı haqqında bir nəticəyə gələ bilməyəcəyimizi, buna g&ouml;rə də belə s&ouml;hbətlərlə baş yormağın lazımsız olduğuna inanırlar.</span></p>\r\n\r\n<p>&nbsp;</p>\r\n\r\n<p><span style="font-family:Verdana,Geneva,sans-serif">İngilis filosofu, məntiqş&uuml;nas və riyaziyyat&ccedil;ı&nbsp;Bertran Artur Uilyam Rasseli&nbsp;(Bertrand Russell)&nbsp;məşhur aqnostiklərdən biridir.&nbsp;M&uuml;sahibələrinin birində elə bununla bağlı bəzi suallar &uuml;nvanlanır və cavablayır. Onlardan bəzilərini aşağıda sizinlə b&ouml;l&uuml;ş&uuml;rəm.</span></p>\r\n\r\n<p><span style="font-family:Verdana,Geneva,sans-serif"><strong>X:&nbsp;</strong>Tanrınıın əmrlərini tanımırsınızsa, davranışlarınıza rəhbərlik etmək &uuml;&ccedil;&uuml;n&nbsp;hansı&nbsp;səlahiyyətlini&nbsp;(avtoritarı)&nbsp;tanıyırsınız?</span></p>\r\n\r\n<p><span style="font-family:Verdana,Geneva,sans-serif"><strong>Russell:&nbsp;</strong>Aqnostik dindarların tanıdığı mənada he&ccedil; bir səlahiyyətlini tanımır.&nbsp;İnsanların d&uuml;ş&uuml;nərək, sorğu-sual edərək &ouml;z yollarını &ccedil;əkməli olduqlarına inanırlar.&nbsp;Təbii ki, bu zaman başqalarının hikmətindən və elmindən də bəhrələnirlər, ancaq kiminlə məsləhətləşəcəyini &ouml;z&uuml; se&ccedil;ir.</span></p>\r\n\r\n<p><span style="font-family:Verdana,Geneva,sans-serif"><strong>X:&nbsp;</strong>Aqnostiklər insanların&nbsp;ruhu&nbsp;olduğunu&nbsp;inkar edirmi?</span></p>\r\n\r\n<p><span style="font-family:Verdana,Geneva,sans-serif"><strong>Russell:&nbsp;</strong>Bu sualın qəti mənası olması &uuml;&ccedil;&uuml;n biz&nbsp;ruhun nə olduğunu m&uuml;əyyən etməliyik.&nbsp;Burada nəzərdə tutulan şey məncə, insan həyatı boyu m&ouml;vcud olan və &ouml;l&uuml;mdən sonra əbədi olaraq m&ouml;vcud olan mənəvi, f&ouml;vqəltəbii bir şeydir. Bu mənada bir&nbsp;aqnostik, &ccedil;ətin ki, insanların ruhu olduğuna inansın.&nbsp;Digər tərəfdən,&nbsp;bu o demək deyil ki, aqnostik materialist olmalıdır.&nbsp;Mənim n&ouml;qteyi-nəzərimə g&ouml;rə ruh kimi bədənin vəziyyəti də ş&uuml;bhə altındadır, lakin bu ş&uuml;bhə metafizikanın m&uuml;rəkkəb sahələrinə gedən uzun bir hekayədir.&nbsp;Deməliyəm ki, biz ruh və bədənin dəqiq varlıqlarını təsvir etməkdən daha &ccedil;ox onları simvollar kimi istifadə edirik.</span></p>\r\n\r\n<p><span style="font-family:Verdana,Geneva,sans-serif"><strong>X:&nbsp;</strong>Allahı inkar etdiyinizə g&ouml;rə&nbsp;cəzalandırılacağınızdan&nbsp;he&ccedil; qorxmursunuz?</span></p>\r\n\r\n<p><span style="font-family:Verdana,Geneva,sans-serif"><strong>Russell:&nbsp;</strong>He&ccedil; qorxmuram. Mən həm&ccedil;inin Zevsi, Yupiteri, Odin və Brahmanı da rədd edirəm və bunların he&ccedil; he&ccedil; bir məndə artıq narahatlıq yaratmır.&nbsp;Tanrı olsaydı belə, məncə, onun varlığını sorğulayanlardan narahat olacaq qədər kibir sahibi olmazdı.</span></p>\r\n\r\n<p><span style="font-family:Verdana,Geneva,sans-serif"><strong>X:</strong>&nbsp;Aqnostiklər &uuml;&ccedil;&uuml;n&nbsp;həyatın mənası nədir?</span></p>\r\n\r\n<p><span style="font-family:Verdana,Geneva,sans-serif"><strong>Russell:</strong>&nbsp;Başqa suala cavab vermək istəyirəm:&nbsp;Həyatın mənasının mənası nədir?&nbsp;(beyinlər yandı).&nbsp;Deyəsən, burada s&ouml;hbət hansısa &uuml;mumi məqsəddən gedir.&nbsp;D&uuml;ş&uuml;n&uuml;rəm ki, həyatın hər hansısa &uuml;mumi bir məqsədi yoxdur.</span></p>\r\n\r\n<p><span style="font-family:Verdana,Geneva,sans-serif"><strong>Russell:&nbsp;</strong>Həyat sadəcə yaşanır.&nbsp;Fərdi olaraq insanların məqsədləri var və aqnostisizm bu məqsədlərdən imtina etmək &uuml;&ccedil;&uuml;n hər hansısa səbəb deyil.&nbsp;Bu məqsədə &ccedil;atmaq dəqiq olmaya bilər, ancaq bir&nbsp;əsgərin qələbəyə əmin olmadan d&ouml;y&uuml;şməyəcəyini d&uuml;ş&uuml;nmək mənasız olar.&nbsp;Yəni, &ouml;z məqsədlərini cəsarətləndirmək, təşviq etmək &uuml;&ccedil;&uuml;n dinə (və ya yaradana)&nbsp;&nbsp;ehtiyacı olan insan qorxaqdır.</span></p>\r\n\r\n<p><span style="font-family:Verdana,Geneva,sans-serif">Sonra &ouml;z&uuml;mə sual verirəm &ndash; Bu d&uuml;nyanı idarə edən və hər hadisənin arxasında olan f&ouml;vqəl g&uuml;c varmı?&nbsp;A&ccedil;ıq demək lazımdırsa, bilmirəm &ndash;&nbsp;amma inanmıram da. Məncə, dualara cavab verən, ibadətlə inandırıla biləcək, insanların qayğısına qalan ali g&uuml;c yoxdur. İnanıram ki, təbiət sonsuz sayda qolları ilə hər şeyi əhatə edir və b&uuml;t&uuml;n hadisələrin arxasında saysız-hesabsız, lakin təbii səbəblər dayanır və bundan sonra da belə olacaq. İnsan &ouml;z&uuml;nə qulluq etməlidir, qorumalıdır. Buludlardakı xəyali atalara və ya f&ouml;vqəltəbii g&uuml;clərə bel bağlamaq olmaz. Ağlını istifadə edərək ona mane olan təbii səbəbləri tapmalı və onları &ouml;z xeyrinə &ccedil;evirməlidir.</span></p>	2024-02-25 10:14:01+00	8	3 dəq
7	Trendyol linki nə söhbətdi?	Screenshot_2024-02-25_at_14.26.21.png	10.000-dən çox izləyiciniz varsa, link paylaşıb pul qazana bilərsiniz.	<p><span style="font-family:Verdana,Geneva,sans-serif">Bildiyiniz kimi&nbsp;Trendyol&nbsp;bir m&uuml;ddətdir ki,&nbsp;Azərbaycana&nbsp;birbaşa &ccedil;atdırılma edir.&nbsp;Elə bu vaxtdan da influenserlərlə (mən də daxil) əməkdaşılıq edirlər. Hal-hazırda bu əməkdaşlıq influenserlərlə&nbsp;&ldquo;affiliate marketing&rdquo;&nbsp;&uuml;zərindən reallaşdırılır. Affiliate Marketing isə&nbsp;ilk dəfə 1998-ci ildə&nbsp;təcr&uuml;bə edilən və indiyədək uğurla işləyən modellərdəndir.</span></p>\r\n\r\n<p><span style="font-family:Verdana,Geneva,sans-serif">İndiki halda Trendyolda Affilate Marketing əməkdaşlığına qoşulmaq istəyən&nbsp;influenserlərin 10.000-dən &ccedil;ox izləyicisi olmalıdır.&nbsp;Qarşılığında isə Affilate Marketing şərtlərində olduğu satdığı məhsuldan m&uuml;əyyən komissiya alır.</span></p>\r\n\r\n<p>&nbsp;</p>\r\n\r\n<p><span style="font-family:Verdana,Geneva,sans-serif"><span style="font-size:20px"><strong>Bezənlərin&nbsp;və bezməyənlərin&nbsp;diqqətinə!</strong></span></span></p>\r\n\r\n<p>&nbsp;</p>\r\n\r\n<p><span style="font-family:Verdana,Geneva,sans-serif">Təbii ki, aldığı komissiyadan&nbsp;m&uuml;əyyən məbləğ əməkdaşlıq etdiyi şirkətə, vergiyə və başqa yerlərə də gedir&nbsp;və sonda &ouml;z&uuml;nə m&uuml;əyyən məbləğ gəlir. S&ouml;z&uuml;m bu deyil, s&ouml;z&uuml;m ikinci videonun m&ouml;vzusu olan&nbsp;influenserlərin link paylaşmasının uzun m&uuml;ddətdə nəticələrininnə olması, diqqət etməli olduğu n&uuml;anslardır.&nbsp;Və təbii ki,&nbsp;istehlak&ccedil;ılar. Hər birimizə məlumdur ki, izləyiciləri ilə davamlı link paylaşan influenserlərə qarşı neqativ yaranıb. Bəs belə haldainfluenserlərin imicini qoruması, izləyicilərin rəylərinin isə pozitivə y&ouml;nəlməsi&nbsp;&uuml;&ccedil;&uuml;n&nbsp;nə təklif etmək olar?</span></p>\r\n\r\n<p>&nbsp;</p>\r\n\r\n<p><span style="font-family:Verdana,Geneva,sans-serif"><strong><span style="font-size:20px">İnfluenserlərə təklifl﻿ərlər:</span></strong></span></p>\r\n\r\n<p>&nbsp;</p>\r\n\r\n<p><span style="font-family:Verdana,Geneva,sans-serif">1.&nbsp;Balansın qorunduğu məzmun yaratmaq. Davamlı story linki paylaşmaq əvəzinə, neytral,&nbsp;linksiz də məzmunlar yaratmaq.&nbsp;Bu o demək deyil ki, 10 link paylaşmayın, bu o deməkdir ki, 10 link paylaşmaq istəyirsinizsə,&nbsp;10 da neytral story paylaşın.</span></p>\r\n\r\n<p><span style="font-family:Verdana,Geneva,sans-serif">2. İnsanlara&nbsp;fayda verəcək məzmunlar&nbsp;yaradaraq link paylaşmaq k&ouml;məyinizə &ccedil;atacaq. Unutmayaq ki, birbaşa satış etmək bir &ccedil;ox halda itici qarşılanır,&nbsp;win-win belə halda daha &ccedil;ox fayda verir.</span></p>\r\n\r\n<p><span style="font-family:Verdana,Geneva,sans-serif">3. Real olmaq. Nəyi niyə etdiyimizi&nbsp;maksimum d&uuml;r&uuml;st formada &ccedil;atdırmaq,&nbsp;o hissi &ouml;t&uuml;rmək vacibdir. Onsuz da qarşıdan hər şey hiss edilir.</span></p>\r\n\r\n<p><span style="font-family:Verdana,Geneva,sans-serif">Birinci və ikinci punktlara diqqət etməyən&nbsp;influenserlərin uzun m&uuml;ddətdə adlarının ancaq linklə assosiya olması və&nbsp;izləyicilərinin qarşısında&nbsp;g&uuml;vənlərinin sarsılacağı g&ouml;zlənilən haldır. Bu m&uuml;ddət həm insanların maksimum faydalanacağı, həm də zərər g&ouml;rmə ehtimalı y&uuml;ksək olan d&ouml;vrd&uuml;r. Unutmayaq ki,&nbsp;bu m&uuml;ddət istehlak&ccedil;-lar &uuml;&ccedil;&uuml;n də kifayət qədər faydalıdır.&nbsp;Səbəb bəsitdir,&nbsp;Trendyol bu dəqiqə Azərbaycandan pul qazanmağa deyil, investisiya etməyə fokuslanıb.&nbsp;Elə buna g&ouml;rə də bu m&uuml;ddətdən əl birliyi ilə&nbsp;hər birimiz faydalana bilərik.</span></p>\r\n\r\n<p>&nbsp;</p>\r\n\r\n<p><span style="font-family:Verdana,Geneva,sans-serif"><strong><span style="font-size:20px">Nələr baş verə﻿cək?</span></strong></span></p>\r\n\r\n<p><span style="font-family:Verdana,Geneva,sans-serif">Birinci n&ouml;vbədə&nbsp;online alış-veriş mədəniyyəti formalaşacaq.&nbsp;&Ouml;lkədə ciddi formada dəyişikliklər baş verəcək. Online-alış veriş etməyi &ouml;yrənmək uzun m&uuml;ddətdə&nbsp;həm bizneslərə, həm də istehlak&ccedil;ılara xeyli fayda verəcək. İkinci n&ouml;vbədə isə&nbsp;istehlak&ccedil;ıların, yəni, alıcıların işi asanlaşacaq,&nbsp;&ccedil;&uuml;nki Trendyolda xaos var və buradakı influenser&nbsp;t&ouml;vsiyələri, kolleksiyaları, promokodu ideal s&ouml;hbətdir. Ancaq hər zaman postlarımda da, storylərimdə də bir şeyə x&uuml;susi diqqət &ccedil;əkməyə &ccedil;alışıram &ndash;&nbsp;ağıllı istehlak&ccedil;ı&nbsp;olmağa.Marketinq və satışın pərdəarxasında olan biri kimi onu deyə bilərəm ki,&nbsp;ehtiyacımız olanı alaq.</span></p>\r\n\r\n<p>&nbsp;</p>\r\n\r\n<p><span style="font-family:Verdana,Geneva,sans-serif">Bu dəqiqə&nbsp;həm promokodlara, həm də TL-AZN fərqinə g&ouml;rə Trendyoldan alış-veriş etmək &ccedil;ox ağıllıca hərəkətdir.&nbsp;&nbsp;Son olaraq &uuml;&ccedil; vacib n&uuml;ans toxunmaq istəyirəm.</span></p>\r\n\r\n<p><span style="font-family:Verdana,Geneva,sans-serif">Birinci &ndash;&nbsp;influenserlərin&nbsp;uzun m&uuml;ddətdə&nbsp;imicini&nbsp;qoruması&nbsp;&uuml;&ccedil;&uuml;n balanslı formada link paylaşması m&uuml;tləqdir.&nbsp;Ad hər şeydən vacibdir.</span></p>\r\n\r\n<p><span style="font-family:Verdana,Geneva,sans-serif">İkinci &ndash;&nbsp;ağıllı istehlak&ccedil;ı&nbsp;olmaq vacibdir. İ&ccedil;i mən də daxil link paylaşıb nəsə almağı təklif etdiyi yerdə &ouml;z&uuml;nə lazım olanı almağa &ccedil;alışın.&nbsp;Kontrol &ouml;z əlimizdədir, bunu unutmayaq.</span></p>\r\n\r\n<p><span style="font-family:Verdana,Geneva,sans-serif">&Uuml;&ccedil;&uuml;nc&uuml; &ndash;&nbsp;əziz izləyicilər,&nbsp;influenserin pul qazanmasında pis nə var?&nbsp;Məzmun yaradan, t&ouml;vsiyələrini dinlədiyimiz insanların bunun qarşılığına pul qazanmasının bizə nə kimi zərəri ola bilər? Bununla bağlı narahatlıq ke&ccedil;iririksə,&nbsp;sualları &ouml;z&uuml;m&uuml;z &uuml;&ccedil;&uuml;n cavablandıra bilərik.</span></p>	2024-02-25 10:27:12+00	12	3 dəq
9	Kiçik və orta sahibkarlar üçün 7 qızıl qayda!	6978C1C20B650473DD135E5352D37D55.webp	Böyüməyinizə, daha vizyonlu düşünməyinizə və uzun müddətdə qazanmağınıza kömək edəcək qaydalar.	<p><span style="font-family:Verdana,Geneva,sans-serif"><strong><span style="font-size:20px">1. Satacağınız ən vacib şey onlara olan x&uuml;susi yanaşmanız olsun.</span></strong></span></p>\r\n\r\n<p>&nbsp;</p>\r\n\r\n<p><span style="font-family:Verdana,Geneva,sans-serif"><strong>M&uuml;ştəriyə individual yanaşmaq, </strong>b&ouml;y&uuml;məyinizə ən &ccedil;ox təsir edən şey olacaq. &Ouml;z&uuml;n&uuml; x&uuml;susi hiss edən insan məmnun qalacaq və&nbsp;<strong>məmun m&uuml;ştəri hər şəraitdə sizin reklamınızla məşğul olacaq</strong>&nbsp;<span style="color:#e74c3c"><strong>&ndash;&nbsp;&ouml;z&uuml; də tam &ouml;dənişsiz.</strong></span> X&uuml;susi yanaşmanı onun tələb və istəklərini nəzərə alaraq da edə bilərsiniz, digər səhifələrdəkilərə əməl edərək də &ndash;&nbsp;<strong>m&uuml;tləq bu 7 qızıl qaydaya əməl etməyə &ccedil;alışın.</strong></span></p>\r\n\r\n<p>&nbsp;</p>\r\n\r\n<p><span style="font-family:Verdana,Geneva,sans-serif"><strong><span style="font-size:20px">2. İstisnalar və yerinə g&ouml;rə qərar dəyişikliyi etməyi bacarın!</span></strong></span></p>\r\n\r\n<p><span style="font-family:Verdana,Geneva,sans-serif">Bəzən qayda və qanunlarımızı m&uuml;ştərinin istək və tələblərinə g&ouml;rə&nbsp;<strong>elastikləşdirmək olar.</strong>&nbsp;Ancaq bu &ouml;z dəyər və prinsiplərimizi yox saymaq hesabına olmamalıdır.&nbsp;<strong>Uyğunlaşmaq sizdən sizi almayacaqsa, uyğunlaşın.&nbsp;</strong>M&uuml;ştəriniz sizdən menyuda olmayan kokteyli istəyirsə, əlinizdə isə onu hazırlayacaq hər şeyə sahibsinizsə, sizə zidd deyilsə, onu məmnun etmək &uuml;&ccedil;&uuml;n bunu yoxlaya bilərsiniz. Bəlkə, sabah həmin kokteyli menyuya da əlavə edəcəksiniz, nə bilmək olar? <strong>Bəzən isə&nbsp;&quot;yox&quot; demək bizə qazandırır.</strong>&nbsp;Hətta, o an həmin şeyi&nbsp;itirsək belə, qazanırıq.<span style="color:#e74c3c"><strong>&nbsp;Əsas məsələ, harada &quot;hə&quot; , harada isə &quot;yox&quot; deməyi bilməkdir.</strong></span></span></p>\r\n\r\n<p>&nbsp;</p>\r\n\r\n<p><span style="font-family:Verdana,Geneva,sans-serif"><strong><span style="font-size:20px">3.&nbsp;&nbsp;Məhsula nə qədər fokuslanırsınızsa, m&uuml;ştəri ilə &uuml;nsiyyətinizə də azı o qədər &ouml;nəm verin.</span></strong></span></p>\r\n\r\n<p>&nbsp;</p>\r\n\r\n<p><span style="font-family:Verdana,Geneva,sans-serif"><strong>Qızıl qayda budur&nbsp;&ndash;&nbsp;var olan m&uuml;ştərini əldə saxlamaq,<span style="color:#e74c3c"> yeni m&uuml;ştəri qazanmaqdan daha vacibdir, həm də karlı.</span></strong><span style="color:#e74c3c">&nbsp;</span>Odur ki, əlinizdəki m&uuml;ştərilərə daha &ccedil;ox fokuslanın, onlara&nbsp;fərdi yanaşın.&nbsp;Ki&ccedil;ik və orta sahibkarlara&nbsp;ən <strong>&ccedil;ox qazandıracaq şey loyal m&uuml;ştərilərdir.&nbsp;</strong>Həm&ccedil;inin, əllərindəki alətlərlə əldə edilə biləcək ən asan şey də budur.&nbsp;Razı olmayan m&uuml;ştərini zərər hesabına belə olsa razı salanadək (həqiqətən hədəflədiyiniz m&uuml;ştəridirsə) &ccedil;alışmaq lazımdır. M&uuml;ştəri hər şeyi g&ouml;r&uuml;r və istədiyiniz m&uuml;ştəridirsə, dəyərləndirir.&nbsp;Bununla da sizə qarşı etibar yaranır, bağlanır, loyal olur.</span></p>\r\n\r\n<p>&nbsp;</p>\r\n\r\n<p><span style="font-family:Verdana,Geneva,sans-serif"><strong><span style="font-size:20px">4. Ki&ccedil;ik və ya b&ouml;y&uuml;k fərq etməz, əsas məsələ, d&uuml;ş&uuml;n&uuml;lm&uuml;ş hədiyyə verin.</span></strong></span></p>\r\n\r\n<p>&nbsp;</p>\r\n\r\n<p><span style="font-family:Verdana,Geneva,sans-serif"><strong>Hədiyyə, g&uuml;zəşt, bonus, doğum g&uuml;n&uuml; təklifləri və.s etməklə də&nbsp;loyal m&uuml;ştəri qazanmağa bir addım ata bilərsiniz.</strong>&nbsp;X&uuml;susi ilə&nbsp;<strong>yeni məhsullarınızı elə &ouml;z m&uuml;ştərilərinizə hədiyyə edin.</strong>&nbsp;Satmaq &uuml;&ccedil;&uuml;n ilk &ouml;ncə maraq yaratmaq lazımdır &ndash;&nbsp;fikir verin, bizə maraqlı insanları sevirik.&nbsp;Bu istənilən şey &uuml;&ccedil;&uuml;n ke&ccedil;ərlidir.</span></p>\r\n\r\n<p><span style="font-family:Verdana,Geneva,sans-serif"><strong>Maraq yaratmağın sayısız yolları var biri də&nbsp;test etmələrinə şərait yaratmaqdır.&nbsp;</strong>Ancaq burada hədəfə nə qədər doğru vurarıqsa, o qədər yaxşı olar. Buna g&ouml;rə də&nbsp;&ccedil;alışın ki, m&uuml;ştərilərinizi tanıyasınız&nbsp;və bananlı tort sevənə yeni bananlı yoqurtunuzu, alma sevənə isə yeni almalı yoqurtunuzu&nbsp;test &uuml;&ccedil;&uuml;n verəsiniz.&nbsp;Bu bir &ccedil;ox halda, o m&uuml;ştərinin həm bananlı tortu, həm də bananlı yoqurtu almağı ilə sonlanacaq.</span></p>\r\n\r\n<p>&nbsp;</p>\r\n\r\n<p><span style="font-family:Verdana,Geneva,sans-serif"><strong><span style="font-size:20px">5.&nbsp;&nbsp;Hədiyyələr qədər s&ouml;zlər və hisslərə də &ouml;nəm vermək lazımdır.</span></strong></span></p>\r\n\r\n<p>&nbsp;</p>\r\n\r\n<p><span style="font-family:Verdana,Geneva,sans-serif">Sadəcə mədəmiz və g&ouml;z&uuml;m&uuml;zlə deyil,&nbsp;<strong>qulaqlarımız da tətmin olmaq istəyir.&nbsp;</strong>Odur ki,&nbsp;&ccedil;ox xərc tələb etməyən, &uuml;rəkdən gələn s&ouml;zlərinizi də deyin.&nbsp;Hansı biznesdə olmağınızdan asılı olmayaraq, nə işi g&ouml;rd&uuml;y&uuml;n&uuml;zdən əlaqəsiz formada, hisslərimizi tanımaq və xoş s&ouml;zlərlə onları ifadə etmək hər birimizi yaxşı hiss etdirir. <strong>M&uuml;ştərilərinizə ki&ccedil;ik s&ouml;z və c&uuml;mlələrlə də xoş hisslər yaşatmağa &ccedil;alışın. </strong>Balaca g&ouml;r&uuml;nməyinə baxmayın, &ouml;nəmlidir. Sadəcə yoxlayanlar nə qədər işə yaradığını g&ouml;rəcəklər.</span></p>\r\n\r\n<p>&nbsp;</p>\r\n\r\n<p><span style="font-family:Verdana,Geneva,sans-serif"><strong><span style="font-size:20px">6.&nbsp;&nbsp;Zorla g&ouml;zəllik etməyin! L&ouml; balans vacibdir.</span></strong></span></p>\r\n\r\n<p>&nbsp;</p>\r\n\r\n<p><span style="font-family:Verdana,Geneva,sans-serif">M&uuml;ştərilərinizə və m&uuml;ştəriniz ola biləcək insanlara<strong> zorla, təkidlə, yoraraq nəyisə satmağa &ccedil;alışmayın.&nbsp;Mağazada arxasınca gəzməyin,&nbsp;sadəcə burada olduğunuzu, lazım gəlsə sual verə bilcəyini deyin.&nbsp;<span style="color:#e74c3c">Uzaqlaşmayın,&nbsp;amma arxasınca da gəzməyin. </span></strong>Zorla g&ouml;zəllik olmur, olsa da g&ouml;zəl olmur.&nbsp;İnsanların sizin m&uuml;ştəriniz olması &uuml;&ccedil;&uuml;n ilk &ouml;ncə satdığınız şeyə ehtiyacı olmalıdır&nbsp;və ya bu məhsula sahib olmaları onlara nələrsə verməlidir.&nbsp;Yəni, <strong>sual verin, nəyə ehtiyacları olduqlarını &ouml;yrənin,&nbsp;sonra doğru məhsul və xidmətinizi normal formada təklif edin.</strong></span></p>\r\n\r\n<p>&nbsp;</p>\r\n\r\n<p><span style="font-family:Verdana,Geneva,sans-serif"><strong><span style="font-size:20px">7.&nbsp;&nbsp;Kadrarxasını g&ouml;stərin</span></strong></span></p>\r\n\r\n<p>&nbsp;</p>\r\n\r\n<p><span style="font-family:Verdana,Geneva,sans-serif">He&ccedil; birimiz m&uuml;kəmmək deyilik. <strong>Onlara işinizin kadrarxasını, &ccedil;ətinlikləri, hansı yollardan ke&ccedil;diyinizi də g&ouml;stərin,&nbsp;ancaq bunlar kortəbii etməyin.</strong> Əzminizi, &ccedil;alışqanlığınızı, m&uuml;ştərilərinizə x&uuml;susi yanaşmanızı həm s&ouml;zlər, həm də əməllərinizlə g&ouml;stərin.&nbsp;Ağlınızda olsun ki,<strong> səmimilik hər şeyi a&ccedil;ıb t&ouml;kmək deyil, yerinə g&ouml;rə, balansı formada, d&uuml;ş&uuml;n&uuml;lm&uuml;ş və xeyrimizə nəticələnəcək şəkildə&nbsp;nələrisə təqdim etməkdir</strong> &ndash; x&uuml;susi ilə s&ouml;hbət biznesdən gedirsə.&nbsp;Bəzən bunu qarışdırır və imicimizi bir qəpiklik edirik.&nbsp;Lazımsız səmimiyyətin fayda verdiyini hələki g&ouml;rməmişəm.</span></p>\r\n\r\n<p>&nbsp;</p>\r\n\r\n<p><span style="font-family:Verdana,Geneva,sans-serif"><strong><span style="font-size:20px">Bonus &ndash; &uuml;rək s&ouml;zlərim</span></strong></span></p>\r\n\r\n<p>&nbsp;</p>\r\n\r\n<p><span style="font-family:Verdana,Geneva,sans-serif">Təəss&uuml;f ki, &ouml;lkəmizdə bunlara əməl edən &ccedil;ox az biznes tanıyıram. Mənim təcr&uuml;bəmdə bunlara əməl edən Boho olub. Hər dəfə menyuya nəsə əlavə ediləndə test &uuml;&ccedil;&uuml;n hədiyyə edirlər. Məmnuniyyəti soruşur, narazılıq varsa, aradan qaldırmağa &ccedil;alışırlar. Bakıda getdiyim &ccedil;ox məkan olmasına baxmayaraq, davamlı hədiyyə və jestlər edən &uuml;&ccedil; yer olub &ndash;&nbsp;Boho, Entree, Starbucks&nbsp;(ikisi onsuz yerli brend deyil). <strong>Təəss&uuml;f ki, bu k&uuml;tləviləşməyib və sahibkarların marağı ancaq bu g&uuml;n 5 məmmədlərini qazanmaqdır, nəyinki brendləşmək, dəyər yaratmaq.</strong> <span style="color:#e74c3c"><strong>&Uuml;mid edir və inanıram ki, bir g&uuml;n ki&ccedil;ik, orta və b&ouml;y&uuml;k b&uuml;t&uuml;n yerli biznes sahibləri dəyər yaratmağın əhəmiyyətini anlayacaqlar.</strong></span> &Ccedil;&uuml;nki, s&ouml;hbət sosiskadan getmir.</span></p>	2024-02-25 17:51:53+00	14	2 dəq
10	Müştərilər nə istəyir?	Employee-protection_GettyImages-498920732-S-520x290.jpg	İstər xidmət sektorunda olun, istərsə də hər hansısa məhsulu elektron formada satın – fərqi yoxdur, bu 6 şeyə əməl etsəniz, daha çox qazana bilərsiniz.	<p><span style="font-size:20px"><span style="font-family:Verdana,Geneva,sans-serif"><strong>&quot;M&uuml;ştərilər&quot; yox,&nbsp;&quot;m&uuml;şt﻿ərim&quot; deməyinizi istəyir.</strong></span></span></p>\r\n\r\n<p><span style="font-family:Verdana,Geneva,sans-serif">Ən başda x&uuml;susi hiss edilmək gəlir. Hər birimiz bir &ccedil;ox halda x&uuml;susi hiss edilmək istəyirik. İstehlak&ccedil;ılarla aparılan sorğuların nəticəsi g&ouml;stərir ki, &ouml;z&uuml;n&uuml;&nbsp;x&uuml;susi hiss edən m&uuml;ştərilər istehsal&ccedil;ıya daha &ccedil;ox pul &ouml;dəməyə hazırdır.&nbsp;Yəni, <strong>bizə&nbsp;x&uuml;susi hiss etdirən brendlərə,&nbsp;məhsullara, xidmətlərə&nbsp;daha &ccedil;ox pul &ouml;dəməyə&nbsp;razı oluruq.&nbsp;</strong>Ona g&ouml;rə də dəyər yaratmaq,&nbsp;&uuml;mumi yox, <strong>x&uuml;susi yanaşmaq vacibdir.</strong></span></p>\r\n\r\n<p>&nbsp;</p>\r\n\r\n<p><span style="font-size:20px"><strong><span style="font-family:Verdana,Geneva,sans-serif">G&uuml;vəndə&nbsp;hiss etm﻿ək istəyir</span></strong></span></p>\r\n\r\n<p><span style="font-family:Verdana,Geneva,sans-serif">Pul&nbsp;bizim &uuml;&ccedil;&uuml;n bir &ccedil;ox halda sadəcə <strong>pul</strong> demək deyil,&nbsp;<strong>vaxt deməkdir.</strong>&nbsp;Zaman puldur və biz kiməsə nəyisə satanda sadəcə pulunu deyil, zamanını istəyirik. Elə buna g&ouml;rə də&nbsp;satış incə işdir.&nbsp;Kimsə bir az oyan-buyan edən kimi oradan qa&ccedil;araq uzaqlaşırıq ki, bu nəsə mənim zamanımı almaq istəyir. G&uuml;vəndə hiss etdirmədiyimiz halda uğurlu satış etmək də, m&uuml;ştərini əldə saxlamaq da m&uuml;mk&uuml;n olmur.&nbsp;<strong>M&uuml;ştəri aldadılmadığına, qazandığına, zamanını verməyə dəyər olduğuna əmin olmaq istəyir.&nbsp;Etibar və g&uuml;vən yaratmaq, i&ccedil;ini doldurmaq vacibdir﻿.</strong></span></p>\r\n\r\n<p>&nbsp;</p>\r\n\r\n<p><span style="font-size:20px"><span style="font-family:Verdana,Geneva,sans-serif"><strong>L&ouml;&nbsp;şəfaflıq&nbsp;istəyir</strong></span></span></p>\r\n\r\n<p><span style="font-family:Verdana,Geneva,sans-serif">Kim istəməz ki, yo?&nbsp;&Uuml;mumiyyətlə, yalan danışmaq &uuml;&ccedil;&uuml;n gərək adamın yaxşı analiz bacarığı və g&uuml;cl&uuml; yaddaşı olsun. Əks halda,&nbsp;<strong>yalan danışmaq b&ouml;y&uuml;k r&uuml;svay&ccedil;ılıqla nəticələnə bilər.</strong>&nbsp;<strong>Əgər&nbsp;m&uuml;ştəri ilə işləyirsinizsə,&nbsp;onlara qarşı doğru və şəfaf olun.</strong>&nbsp;Suallarına&nbsp;d&uuml;zg&uuml;n cavab verin.&nbsp;Boş vədlər yerinə, real s&ouml;zlər deyin.&nbsp;&quot;Fake it make it&quot;&nbsp;s&ouml;hbəti 5 nəfər tərəfindən yeyilən dadlı keks olsa da, 3 nəfər tərəfindən hiss edilə bilər.<strong>&nbsp;Olduğumuz qədərini g&ouml;stərmək, olmadığımızı g&ouml;stərməkdən yaxşıdır &ndash; istənilən halda.</strong></span></p>\r\n\r\n<p>&nbsp;</p>\r\n\r\n<p><strong><span style="font-family:Verdana,Geneva,sans-serif"><span style="font-size:20px">S&uuml;rətli&nbsp;xi﻿dmət və&nbsp;rahatlıq&nbsp;istəyir</span></span></strong></p>\r\n\r\n<p><span style="font-family:Verdana,Geneva,sans-serif">Artıq <strong>brendlər</strong> məhsulun daha yaxşısını təklif etməklə yanaşı&nbsp;<strong>rəqiblərindən se&ccedil;ilmək &uuml;&ccedil;&uuml;n s&uuml;rəti və rahatlığı satırlar.</strong>&nbsp;Eyni məhsulu bir &ccedil;ox brend təklif edir və sual yaranır &ndash;&nbsp;<strong>sizin fərqiniz nədir? Digərinin təklif etmədiyi nəyi siz təklif edirsiniz? Hər kəs metroya &ccedil;atdırılma edirsə, siz qapısına &ccedil;atdırın.</strong> Əmin olun,&nbsp;ki&ccedil;ik fərq olmasına baxmayaraq, daha &ccedil;ox qazandıracaq.</span></p>\r\n\r\n<p>&nbsp;</p>\r\n\r\n<p><strong><span style="font-family:Verdana,Geneva,sans-serif"><span style="font-size:20px">G&uuml;lər&uuml;z&nbsp;ol﻿mağınızı istəyir</span></span></strong></p>\r\n\r\n<p><span style="font-family:Verdana,Geneva,sans-serif">Bir şeyə pul xərcləyəndə onu sifətindən aqressiya yağan insana vermək istəmirik.&nbsp;Xidmət və ya məhsulun qarşılığında o pulu verməli olsaq da bunu g&uuml;lər&uuml;z olmayan adama verəndə qeyri-məmnun hiss edirik.&nbsp;Ancaq &uuml;z&uuml;ndə xoş təbəss&uuml;m olan insana daha &ccedil;ox qazandırmaq bizə də xoş gəlir, &ccedil;&uuml;nki bizi yaxşı hiss etdirir.&nbsp;<strong>Biz iki halda pul xərcləyirik &ndash;&nbsp;ya&nbsp;o pul x﻿ərcləyərkən yaxşı hiss etmək istəyirik, ya da o pulu xərclədikdən sonra yaxşı olacağımıza &uuml;mid edirik.</strong></span></p>\r\n\r\n<p>&nbsp;</p>\r\n\r\n<p><span style="font-size:20px"><span style="font-family:Verdana,Geneva,sans-serif"><strong>Təmiz və konfort&nbsp;yerdə olma﻿q istəyir</strong></span></span></p>\r\n\r\n<p><span style="font-family:Verdana,Geneva,sans-serif">X&uuml;susi ilə məkan işlədənlər &uuml;&ccedil;&uuml;n vacib n&uuml;anslardır.&nbsp;<strong>Məkanın x&uuml;susi qoxusunun olması, i&ccedil;əridə &uuml;mumi səliqənin qorunması,&nbsp;g&uuml;n&uuml;n istənilən saatı tualetin təmiz olması vacibdir.&nbsp;</strong>M&uuml;ştərilərin ilk fikri bunlara əsasən formalaşır.&nbsp;M&uuml;ştərinin sadəcə məkanla bağlı deyil, ora gələn insanlarla əlaqəli d&uuml;ş&uuml;ncəsi də bunlara əsasən formalaşır.Bununla yanaşı, təmizlik əməkdaşlarının ortalarda &ccedil;ox g&ouml;r&uuml;lməməsinə diqqət edin. Yəqin ki, he&ccedil; birimizə yemək yeyərkən kiminsə yanımızda yeri s&uuml;p&uuml;rməsi xoş təsir etməz.</span></p>\r\n\r\n<p>&nbsp;</p>\r\n\r\n<p><strong><span style="font-family:Verdana,Geneva,sans-serif"><span style="font-size:20px">B﻿onus:</span></span></strong></p>\r\n\r\n<p><span style="font-family:Verdana,Geneva,sans-serif">Bəzi şeyləri əksər insanlar istəyir, ancaq hər m&uuml;ştəri ayrı insandır və&nbsp;hər insanın ayrı istəyi ola bilər.&nbsp;Odur ki, &ouml;z prinsiplərinizi qorumaq şərti ilə&nbsp;m&uuml;ştərilərinizə x&uuml;susi yanaşmağa və istədiklərini verməyə &ccedil;alışın.&nbsp;<strong>M&uuml;ştərinizə&nbsp;he&ccedil; vaxt nələrisə zorla satmağa &ccedil;alışmayın, onun ehtiyaclarına əsasən&nbsp;alternativlər təklif﻿&nbsp;edin.</strong></span></p>	2024-02-25 19:10:10+00	14	2 dəq
\.


--
-- Data for Name: blog_blog_tags; Type: TABLE DATA; Schema: public; Owner: trivasoft
--

COPY public.blog_blog_tags (id, blog_id, tag_id) FROM stdin;
\.


--
-- Data for Name: blog_category; Type: TABLE DATA; Schema: public; Owner: trivasoft
--

COPY public.blog_category (id, name, image, icon, sort, description, lft, rght, tree_id, level, parent_id) FROM stdin;
3	Sənət			0		2	3	1	1	1
4	Texnologiya			0		4	5	1	1	1
5	Psixologiya			0		6	7	1	1	1
6	Səyahət			0		8	9	1	1	1
7	Bədən Dili			0		10	11	1	1	1
9	Rubrikalar			0		2	3	2	1	2
10	Brendinq			0		4	5	2	1	2
11	Sosial Media			0		6	7	2	1	2
12	İnfluenser			0		8	9	2	1	2
13	Rəqəmsal			0		10	11	2	1	2
14	Ənənəvi			0		12	13	2	1	2
8	Həyat			0		12	13	1	1	1
1	Kateqoriyalar			0		1	16	1	0	\N
16	Dəb			0		14	15	1	1	1
2	Marketinq			0		1	16	2	0	\N
17	Kitablar			0		14	15	2	1	2
\.


--
-- Data for Name: blog_review; Type: TABLE DATA; Schema: public; Owner: trivasoft
--

COPY public.blog_review (id, full_name, "position", feedback, profile_image, feedback_short_version) FROM stdin;
2	Hicran Şirinova	Keto Kouç – Frilanser	Çox hərtərəfli analiz etdi – indiyə kimi görmədiyim bütün əhəmiyyətli şeylərdən tutmuş, ən xırda detallara qədər izahı, hər şeyi addım-addım planlı şəkildə şərh etməyi çox xoş oldu. İlk konsultasiyadan əmin oldum ki, Həşimlə davam etməliyik. Etmək istədiyim işlərdə ən düzgün strategiyanı qurmağımda, səhvlərimi düzəltməyimdə, sürətlənməyimdə faydanız olacağına əminəm. \r\n\r\nİlk olaraq səhifənin dizaynında bəzi dəyişikliklər etdim. Səhifədə daha müntəzəm görünməyə başladım. Yay vaxtına düşməyinə baxmayaraq, müştəriləri (iştirakçılarımı) əvvəlkindən daha çox cəlb etməyi bacardım. Ümumi olaraq işimlə bağlı bütün ünsiyyətdə yaxşı mənada dəyişikliklər oldu. \r\n\r\nBöyük məmmuniyyətlə konsultasiya və strategiya xidmətinizi başqalarına tövsiyə edirəm və etməyə davam edəcəm.		Ümumi olaraq işimlə bağlı bütün ünsiyyətdə yaxşı mənada dəyişikliklər oldu.  Böyük məmmuniyyətlə konsultasiya və strategiya xidmətinizi başqalarına tövsiyə edirəm və etməyə davam edəcəm.
1	İnara Manafova	Hüquqşunas – Code Academy	Konsultasiya çox gözəl keçdi. Blogum və yeni başlayan layihəmizin sosial media tərəfi ilə bağlı maraqlı ideyalar yarandı, həmçinin fəaliyyətimizə də motivasiya oldu. Artıq davamlı postlar paylaşmağa başlamışam, səhifəmdə xeyli irəliləyiş var. Yeni izləyicilər gəlir, aktivlik artıb və s. Layihəmiz də uğurla davam edir. Bu xidməti rahatlıqla başqalarına tövsiyə edərəm.	1696322087774.jpg	Konsultasiya çox gözəl keçdi. Artıq davamlı postlar paylaşmağa başlamışam, səhifəmdə xeyli irəliləyiş var. Yeni izləyicilər gəlir, aktivlik artıb və s. Bu xidməti rahatlıqla başqalarına tövsiyə edərəm.
4	Xədicə Təhməzova	Sahibkar – Şəxsi biznes	Konsultasiyada bütün suallarım ətraflı və dolğun şəkildə cavablandırıldı. Konsultasiyadan sonra videoları müntəzam olaraq daha tez aralıqla paylaşıram. Səhifənin adında isə xırda dəyişiklik etdim ki, kənardan da daha professional görünsün. Artıq postların mətninə diqqət edir, çağırışların olmasına da üstünlük verirəm. Həşimin konsultasiyasını başqalarına təklif edərəm.		Konsultasiyada bütün suallarım ətraflı və dolğun şəkildə cavablandırıldı. Həşimin konsultasiyasını başqalarına təklif edərəm.
6	Sitarə Müzəffər	Müəllim – Evrika liseyi	Bəzən həyatda hər şeyi ancaq özümüz edə bilərik kimi görsənir, düşünürük ən yaxşısını biz bilirik və edəcəyik. Kiminsə köməyi bizə lazım deyil. Mən də belə düşünənlərdən idim. Sonra gördüm beynimdə olan fikirlərin için itirəm, nəyi necə, harada edəcəyim kimi məsələlər mənə çox problem yaradır. Üstəlik belə vəziyyətdə olduğum üçün daha da motivasiyadan düşürdüm. Amma konsultasiyadan sonra sanki beynimdə hər şey cədvəl formasına düşdü, ani bir rahatlama gəlir ki, sözlə ifadəsi mümkün deyil. Sanki hər şeyi edə biləcək güc hiss edirsiz. Əsas da rahatlamış və motivasiya ilə dolu olursuz. Buna görə hər zaman işin peşəkarından kömək almalısız, əmin olun bu sizi daha yaxşısı edəcək. Həşimin konsultasiyasını səhifə idarə edən hər kəsə tövsiyə edirəm və edəcəm.		Həşimin konsultasiyasını səhifə idarə edən hər kəsə tövsiyə edirəm və edəcəm.
3	Dilşad Yogamingo	Direktor, Yoqa Bələdçisi – Yogamingo	Məlumat bolluğu içərisində itmişdim. Amma görüşdən sonra mənə nə lazımdır, nələr lazəm deyil, onları görə bildim. Konsultasiyadan sonra paylaşımlarımda ardıcıllıq yarandı. Artıq reels düzəltməyi ertələmirəm deyə daha tez hazırlayıram. Bir də “Həşim səhifəmə baxır, qoy daha estetik görünsün” deyə düşünüb ilhamlandığım anlar olub. Konsultasiya xidmətini hər kəsə rahatlıqla tövsiyə edirəm.		Konsultasiyadan sonra paylaşımlarımda ardıcıllıq yarandı. Artıq reels düzəltməyi ertələmirəm deyə daha tez hazırlayıram. Konsultasiya xidmətini hər kəsə rahatlıqla tövsiyə edirəm.
5	Mehriban Adıgözəl	Müəllim – Şəxsi biznes	Onu deyə bilərəm ki, maraqlı ideaları, söhbətləri, fikirləri üçün yenə və yenidən konsultasiyaya gələrdim. İnsanı ruhdan, həvəsdən salmadan, nəyi doğru nəyi səhv etdiyimi o qədər gözəl şəkildə izah etdi ki, elə bil konsultasiya yox, bir aylıq dərs almış kimi oldum 🙏 Konsultasiyadan çox motivasiya dolu çıxdım. İlk öncə Həşimin dediyi bütün məsləhətlərini birə bir etdim. Daha çox insanın mənim gördüyüm işi düzgün formatda istəyirdim görsünlər ki, onu da bacardıq. Həşimdən sonra  o qədər gözəl idealar gəldi ki, durmadan video, post hətta kitab yazmağa belə başladım 🙏 Mütləq məncə hər kəs bir dəfə də olsa Həşimlə canlı konsultasiya etməlidir 🥰		Elə bil konsultasiya yox, bir aylıq dərs almış kimi oldum. Həşimdən sonra  o qədər gözəl idealar gəldi ki, durmadan video, post, hətta kitab yazmağa belə başladım. Mütləq məncə hər kəs bir dəfə də olsa Həşimlə canlı konsultasiya etməlidir 🥰
\.


--
-- Data for Name: blog_tag; Type: TABLE DATA; Schema: public; Owner: trivasoft
--

COPY public.blog_tag (id, name, slug) FROM stdin;
\.


--
-- Data for Name: core_featured; Type: TABLE DATA; Schema: public; Owner: trivasoft
--

COPY public.core_featured (id, sort, blog_id) FROM stdin;
1	0	4
2	0	1
3	0	2
4	0	9
5	1	10
6	0	10
7	0	3
8	0	5
\.


--
-- Data for Name: core_general; Type: TABLE DATA; Schema: public; Owner: trivasoft
--

COPY public.core_general (id, site_title, meta_description, address, email, phone) FROM stdin;
\.


--
-- Data for Name: core_hottopics; Type: TABLE DATA; Schema: public; Owner: trivasoft
--

COPY public.core_hottopics (id, image, category_id) FROM stdin;
1	New_Project_9_l9HM6a7.jpg	11
2	New_Project_10_AwyKyKe.jpg	13
3	New_Project_11_T8VM1Pm.jpg	12
4	New_Project_12_OZtWsZ6.jpg	13
5	New_Project_13_YhbS9oq.jpg	17
\.


--
-- Data for Name: core_social; Type: TABLE DATA; Schema: public; Owner: trivasoft
--

COPY public.core_social (id, name, link, icon_black_backround, icon_white_backround, video_uzerinde_olsun, sort) FROM stdin;
\.


--
-- Data for Name: django_admin_log; Type: TABLE DATA; Schema: public; Owner: trivasoft
--

COPY public.django_admin_log (id, action_time, object_id, object_repr, action_flag, change_message, content_type_id, user_id) FROM stdin;
1	2024-02-16 13:45:02.311559+00	1	Kateqoriyalar	1	[{"added": {}}]	14	1
2	2024-02-16 13:45:08.400161+00	2	Marketinq	1	[{"added": {}}]	14	1
3	2024-02-16 13:45:19.679313+00	3	Sənət	1	[{"added": {}}]	14	1
4	2024-02-16 13:45:28.805553+00	4	Texnologiya	1	[{"added": {}}]	14	1
5	2024-02-16 13:45:37.653412+00	5	Psixologiya	1	[{"added": {}}]	14	1
6	2024-02-16 13:45:46.893522+00	6	Səyahət	1	[{"added": {}}]	14	1
7	2024-02-16 13:45:55.726677+00	7	Bədən Dili	1	[{"added": {}}]	14	1
8	2024-02-16 13:46:04.60288+00	8	Həyat	1	[{"added": {}}]	14	1
9	2024-02-16 13:46:17.216189+00	9	Rubrikalar	1	[{"added": {}}]	14	1
10	2024-02-16 13:46:25.372678+00	10	Brendinq	1	[{"added": {}}]	14	1
11	2024-02-16 13:46:32.631398+00	11	Sosial Media	1	[{"added": {}}]	14	1
12	2024-02-16 13:46:39.977891+00	12	İnfluenser	1	[{"added": {}}]	14	1
13	2024-02-16 13:46:49.701892+00	13	Rəqəmsal	1	[{"added": {}}]	14	1
14	2024-02-16 13:46:57.482659+00	14	Ənənəvi	1	[{"added": {}}]	14	1
15	2024-02-16 13:49:05.963744+00	1	Başdan Başa	1	[{"added": {}}]	17	1
16	2024-02-16 13:49:11.185317+00	2	Gəl Nişanlanaq	1	[{"added": {}}]	17	1
17	2024-02-16 13:49:15.478672+00	3	Sözbaz	1	[{"added": {}}]	17	1
18	2024-02-16 13:49:20.120144+00	4	Ads Mads	1	[{"added": {}}]	17	1
19	2024-02-16 13:49:24.479863+00	5	Özünü Sata Bilərsən?	1	[{"added": {}}]	17	1
20	2024-02-16 13:49:30.128593+00	6	İn Fluenser	1	[{"added": {}}]	17	1
21	2024-02-16 13:49:35.859781+00	7	Lö Azadlıq	1	[{"added": {}}]	17	1
22	2024-02-16 13:50:27.092178+00	1	Konsultasiya	1	[{"added": {}}]	15	1
23	2024-02-16 13:50:35.025165+00	2	Sosial Media Dərsləri	1	[{"added": {}}]	15	1
24	2024-02-16 13:50:44.160316+00	3	Mentorluq	1	[{"added": {}}]	15	1
25	2024-02-16 13:50:51.922607+00	4	Yol xəritəsi	1	[{"added": {}}]	15	1
26	2024-02-16 13:50:59.335168+00	5	Təlimlər	1	[{"added": {}}]	15	1
27	2024-02-16 13:51:06.792014+00	6	Strategiya yazılması	1	[{"added": {}}]	15	1
28	2024-02-16 13:51:12.975792+00	7	SM səhifə idarəsi	1	[{"added": {}}]	15	1
29	2024-02-16 13:51:52.211356+00	7	Lö Azadlıq	3		17	1
30	2024-02-16 13:51:52.213591+00	6	İn Fluenser	3		17	1
31	2024-02-16 13:51:52.214886+00	5	Özünü Sata Bilərsən?	3		17	1
32	2024-02-16 13:51:52.215881+00	4	Ads Mads	3		17	1
33	2024-02-16 13:51:52.21721+00	3	Sözbaz	3		17	1
34	2024-02-16 13:51:52.218196+00	2	Gəl Nişanlanaq	3		17	1
35	2024-02-16 13:51:52.220463+00	1	Başdan Başa	3		17	1
36	2024-02-16 13:52:13.768708+00	1	Başdan Başa	1	[{"added": {}}]	16	1
37	2024-02-16 13:52:18.287438+00	2	Gəl Nişanlanaq	1	[{"added": {}}]	16	1
38	2024-02-16 13:52:24.403651+00	3	Sözbaz	1	[{"added": {}}]	16	1
39	2024-02-16 13:52:28.683103+00	4	Ads Mads	1	[{"added": {}}]	16	1
40	2024-02-16 13:52:32.991628+00	5	Özünü Sata Bilərsən?	1	[{"added": {}}]	16	1
41	2024-02-16 13:52:37.575599+00	6	İn Fluenser	1	[{"added": {}}]	16	1
42	2024-02-16 13:52:42.729589+00	7	Lö Azadlıq	1	[{"added": {}}]	16	1
43	2024-02-16 13:54:16.65937+00	8	Təlim	1	[{"added": {}}]	17	1
44	2024-02-16 13:54:29.50511+00	9	Seminar	1	[{"added": {}}]	17	1
45	2024-02-16 13:54:35.090574+00	10	Le Görüşlər	1	[{"added": {}}]	17	1
46	2024-02-16 14:25:13.444127+00	1	Sosial Media	1	[{"added": {}}]	11	1
47	2024-02-16 14:25:30.284156+00	2	Rəqəmsal	1	[{"added": {}}]	11	1
48	2024-02-16 14:25:39.460633+00	3	İnfluenser	1	[{"added": {}}]	11	1
49	2024-02-16 14:26:01.197572+00	4	Ənənəvi	1	[{"added": {}}]	11	1
50	2024-02-16 14:27:29.451642+00	5	Ənənəvi	1	[{"added": {}}]	11	1
51	2024-02-16 14:30:04.530422+00	4	Rəqəmsal	2	[{"changed": {"fields": ["Category"]}}]	11	1
52	2024-02-17 06:49:16.265163+00	2	lehashim	1	[{"added": {}}]	4	1
53	2024-02-17 06:49:25.618235+00	2	lehashim	2	[{"changed": {"fields": ["Staff status", "Superuser status"]}}]	4	1
54	2024-02-17 09:07:51.276712+00	1	Soyuq duş nədir?	1	[{"added": {}}]	12	2
55	2024-02-17 09:09:28.874543+00	1	Soyuq duş nədir?	2	[{"changed": {"fields": ["Short description"]}}]	12	2
56	2024-02-17 09:10:31.18893+00	1	Soyuq duş nədir?	2	[{"changed": {"fields": ["Short description"]}}]	12	2
57	2024-02-17 10:04:48.969673+00	1	İnara Manafova	1	[{"added": {}}]	18	2
58	2024-02-17 10:05:21.209864+00	1	İnara Manafova	2	[]	18	2
59	2024-02-17 10:08:36.822977+00	2	Hicran Şirinova	1	[{"added": {}}]	18	2
60	2024-02-17 10:08:41.415974+00	1	İnara Manafova	2	[]	18	2
61	2024-02-17 10:20:56.93519+00	15	Sayına görə güllərin mənası	1	[{"added": {}}]	14	2
62	2024-02-17 10:21:58.982846+00	15	Sayına görə güllərin mənası	3		14	2
63	2024-02-17 12:17:40.896472+00	2	Hicran Şirinova	2	[{"changed": {"fields": ["Feedback short version"]}}]	18	1
64	2024-02-17 12:17:45.74967+00	1	İnara Manafova	2	[{"changed": {"fields": ["Feedback short version"]}}]	18	1
65	2024-02-17 12:18:35.29176+00	1	İnara Manafova	2	[{"changed": {"fields": ["Profile image"]}}]	18	1
66	2024-02-17 12:30:01.625213+00	2	Güllər danışır	1	[{"added": {}}]	12	2
67	2024-02-17 12:31:24.436549+00	2	Güllər danışır	2	[{"changed": {"fields": ["Cat"]}}]	12	1
68	2024-02-17 12:33:26.788329+00	2	Güllər danışır	2	[{"changed": {"fields": ["Reading time"]}}]	12	1
69	2024-02-17 12:33:31.507985+00	1	Soyuq duş nədir?	2	[{"changed": {"fields": ["Reading time"]}}]	12	1
70	2024-02-17 12:35:50.529199+00	1	İnara Manafova	2	[{"changed": {"fields": ["Profile image"]}}]	18	1
71	2024-02-17 13:46:45.193559+00	2	Güllər danışır	2	[{"changed": {"fields": ["Cat"]}}]	12	2
72	2024-02-17 15:33:20.17716+00	3	Dilşad Yogamingo	1	[{"added": {}}]	18	2
73	2024-02-17 15:34:57.184188+00	3	Dilşad Yogamingo	2	[{"changed": {"fields": ["Feedback short version", "Feedback"]}}]	18	2
74	2024-02-17 15:41:22.735964+00	4	Xədicə Təhməzova	1	[{"added": {}}]	18	2
75	2024-02-17 15:48:35.083841+00	5	Mehriban Adıgözəl	1	[{"added": {}}]	18	2
76	2024-02-17 15:50:38.412839+00	5	Mehriban Adıgözəl	2	[{"changed": {"fields": ["Feedback"]}}]	18	2
77	2024-02-17 15:52:35.118049+00	6	Sitarə Müzəffər	1	[{"added": {}}]	18	2
78	2024-02-17 15:56:52.965092+00	2	Hicran Şirinova	2	[{"changed": {"fields": ["Feedback short version", "Feedback"]}}]	18	2
79	2024-02-17 18:40:08.617365+00	2	Hicran Şirinova	2	[]	18	2
80	2024-02-17 18:42:47.545321+00	6	Sitarə Müzəffər	2	[{"changed": {"fields": ["Feedback short version"]}}]	18	2
81	2024-02-17 18:43:40.170597+00	6	Sitarə Müzəffər	2	[{"changed": {"fields": ["Feedback short version"]}}]	18	2
82	2024-02-17 18:44:14.712957+00	5	Mehriban Adıgözəl	2	[{"changed": {"fields": ["Feedback short version", "Feedback"]}}]	18	2
83	2024-02-17 18:46:10.994883+00	4	Xədicə Təhməzova	2	[{"changed": {"fields": ["Feedback short version", "Feedback"]}}]	18	2
84	2024-02-17 18:47:52.069505+00	3	Dilşad Yogamingo	2	[{"changed": {"fields": ["Feedback short version"]}}]	18	2
85	2024-02-17 18:49:28.32819+00	5	Mehriban Adıgözəl	2	[{"changed": {"fields": ["Feedback short version", "Feedback"]}}]	18	2
86	2024-02-17 18:50:40.971124+00	2	Hicran Şirinova	2	[{"changed": {"fields": ["Feedback short version", "Feedback"]}}]	18	2
87	2024-02-17 18:51:05.669154+00	1	İnara Manafova	2	[{"changed": {"fields": ["Feedback short version"]}}]	18	2
88	2024-02-17 18:51:34.078386+00	1	İnara Manafova	2	[{"changed": {"fields": ["Feedback short version"]}}]	18	2
89	2024-02-17 18:57:34.845229+00	1	Soyuq duş nədir?	2	[{"changed": {"fields": ["Description"]}}]	12	2
90	2024-02-17 18:59:21.954429+00	1	Soyuq duş nədir?	2	[{"changed": {"fields": ["Description"]}}]	12	2
91	2024-02-17 19:00:26.087384+00	1	Soyuq duş nədir?	2	[{"changed": {"fields": ["Description"]}}]	12	2
92	2024-02-19 19:42:39.792186+00	2	Güllər danışır	2	[]	12	2
93	2024-02-19 19:43:48.151891+00	1	Soyuq duş nədir?	2	[{"changed": {"fields": ["Description"]}}]	12	2
94	2024-02-19 20:42:17.159054+00	16	Dəb	1	[{"added": {}}]	14	2
95	2024-02-19 20:43:41.046556+00	16	Dəb	2	[{"changed": {"fields": ["parent", "lft", "rght", "tree_id", "level"]}}]	14	2
96	2024-02-23 15:19:21.511689+00	3	Pitti Uomo nədir, bilirsiniz?	1	[{"added": {}}]	12	2
97	2024-02-23 15:35:01.715922+00	3	Pitti Uomo nədir, bilirsiniz?	2	[{"changed": {"fields": ["Description"]}}]	12	2
98	2024-02-23 15:43:36.145652+00	1	Soyuq duş nədir?	2	[{"changed": {"fields": ["Short description"]}}]	12	2
99	2024-02-23 15:47:46.811921+00	3	Pitti Uomo nədir, bilirsiniz?	2	[{"changed": {"fields": ["Reading time", "Short description"]}}]	12	2
100	2024-02-23 16:02:16.799236+00	1	Soyuq duş nədir?	2	[{"changed": {"fields": ["Description"]}}]	12	2
101	2024-02-23 16:06:35.630825+00	1	Soyuq duş nədir?	2	[{"changed": {"fields": ["Description"]}}]	12	2
102	2024-02-23 16:08:28.847445+00	1	Soyuq duş nədir?	2	[{"changed": {"fields": ["Description"]}}]	12	2
103	2024-02-23 16:13:55.285416+00	3	Pitti Uomo nədir, bilirsiniz?	2	[{"changed": {"fields": ["Description"]}}]	12	2
104	2024-02-23 16:14:31.506722+00	1	Soyuq duş nədir?	2	[{"changed": {"fields": ["Reading time"]}}]	12	2
105	2024-02-23 16:14:46.446983+00	3	Pitti Uomo nədir, bilirsiniz?	2	[{"changed": {"fields": ["Reading time"]}}]	12	2
106	2024-02-25 09:07:11.754604+00	4	Öpüşün Faydaları	1	[{"added": {}}]	12	2
107	2024-02-25 09:07:31.77632+00	4	Öpüşün Faydaları	2	[{"changed": {"fields": ["Short description"]}}]	12	2
108	2024-02-25 09:10:29.444852+00	17	Kitablar	1	[{"added": {}}]	14	2
109	2024-02-25 09:10:31.299048+00	5	Kitablar	2	[{"changed": {"fields": ["Category"]}}]	11	2
110	2024-02-25 09:11:39.460145+00	1	Öpüşün Faydaları	1	[{"added": {}}]	10	2
111	2024-02-25 09:11:58.627774+00	2	Soyuq duş nədir?	1	[{"added": {}}]	10	2
112	2024-02-25 09:12:04.886648+00	3	Güllər danışır	1	[{"added": {}}]	10	2
113	2024-02-25 09:22:36.984827+00	5	Marketinqlə əlaqəli 5 kitab	1	[{"added": {}}]	12	2
114	2024-02-25 10:16:53.166975+00	6	Aqnostisizm inanc deyil, bəs nədir?	1	[{"added": {}}]	12	2
115	2024-02-25 10:27:54.308193+00	7	Trendyol linki nə söhbətdi?	1	[{"added": {}}]	12	2
116	2024-02-25 17:34:13.009325+00	4	Öpüşün Faydaları	2	[{"changed": {"fields": ["Reading time"]}}]	12	2
117	2024-02-25 17:45:15.478517+00	8	Hüzr və xoşbəxtliyin fəlsəfəsi – Hygge	1	[{"added": {}}]	12	2
118	2024-02-25 17:59:36.114197+00	9	Kiçik və orta sahibkarlar üçün 7 qızıl qayda!	1	[{"added": {}}]	12	2
119	2024-02-25 19:13:27.471806+00	10	Müştərilər nə istəyir? 6 xüsusi istək	1	[{"added": {}}]	12	2
120	2024-02-25 20:44:33.882288+00	10	Müştərilər nə istəyir?	2	[{"changed": {"fields": ["Title", "Short description"]}}]	12	2
121	2024-02-25 20:45:24.519387+00	4	Kiçik və orta sahibkarlar üçün 7 qızıl qayda!	1	[{"added": {}}]	10	2
122	2024-02-25 20:45:55.934627+00	5	Müştərilər nə istəyir?	1	[{"added": {}}]	10	2
123	2024-02-25 20:47:23.330608+00	6	Müştərilər nə istəyir?	1	[{"added": {}}]	10	2
124	2024-02-25 20:47:32.116226+00	7	Pitti Uomo nədir, bilirsiniz?	1	[{"added": {}}]	10	2
125	2024-02-25 20:47:48.913776+00	8	Marketinqlə əlaqəli 5 kitab	1	[{"added": {}}]	10	2
126	2024-02-25 20:49:15.058686+00	10	Le Görüşlər	2	[{"changed": {"fields": ["Sort"]}}]	17	2
127	2024-02-25 20:49:44.04878+00	8	Təlim	2	[]	17	2
128	2024-02-25 20:50:32.714011+00	8	Təlim	2	[{"changed": {"fields": ["Sort"]}}]	17	2
129	2024-02-25 20:50:43.550251+00	10	Le Görüşlər	2	[{"changed": {"fields": ["Sort"]}}]	17	2
130	2024-02-25 20:50:48.07436+00	9	Seminar	2	[{"changed": {"fields": ["Sort"]}}]	17	2
\.


--
-- Data for Name: django_content_type; Type: TABLE DATA; Schema: public; Owner: trivasoft
--

COPY public.django_content_type (id, app_label, model) FROM stdin;
1	admin	logentry
2	auth	permission
3	auth	group
4	auth	user
5	contenttypes	contenttype
6	sessions	session
7	django_summernote	attachment
8	core	general
9	core	social
10	core	featured
11	core	hottopics
12	blog	blog
13	blog	tag
14	blog	category
15	service	service
16	training	telim
17	event	event
18	blog	review
\.


--
-- Data for Name: django_migrations; Type: TABLE DATA; Schema: public; Owner: trivasoft
--

COPY public.django_migrations (id, app, name, applied) FROM stdin;
1	contenttypes	0001_initial	2024-02-16 13:09:36.018789+00
2	auth	0001_initial	2024-02-16 13:09:36.083785+00
3	admin	0001_initial	2024-02-16 13:09:36.102182+00
4	admin	0002_logentry_remove_auto_add	2024-02-16 13:09:36.111477+00
5	admin	0003_logentry_add_action_flag_choices	2024-02-16 13:09:36.119029+00
6	contenttypes	0002_remove_content_type_name	2024-02-16 13:09:36.136973+00
7	auth	0002_alter_permission_name_max_length	2024-02-16 13:09:36.155309+00
8	auth	0003_alter_user_email_max_length	2024-02-16 13:09:36.163428+00
9	auth	0004_alter_user_username_opts	2024-02-16 13:09:36.171397+00
10	auth	0005_alter_user_last_login_null	2024-02-16 13:09:36.181624+00
11	auth	0006_require_contenttypes_0002	2024-02-16 13:09:36.184054+00
12	auth	0007_alter_validators_add_error_messages	2024-02-16 13:09:36.191542+00
13	auth	0008_alter_user_username_max_length	2024-02-16 13:09:36.20247+00
14	auth	0009_alter_user_last_name_max_length	2024-02-16 13:09:36.210871+00
15	auth	0010_alter_group_name_max_length	2024-02-16 13:09:36.220023+00
16	auth	0011_update_proxy_permissions	2024-02-16 13:09:36.228768+00
17	auth	0012_alter_user_first_name_max_length	2024-02-16 13:09:36.237044+00
18	blog	0001_initial	2024-02-16 13:09:36.256547+00
19	core	0001_initial	2024-02-16 13:09:36.278306+00
20	blog	0002_alter_blogcategory_parent	2024-02-16 13:09:36.291267+00
21	core	0002_hottopics	2024-02-16 13:09:36.303784+00
22	core	0003_remove_social_icon_social_icon_black_backround_and_more	2024-02-16 13:09:36.314613+00
23	core	0004_alter_social_options_social_sort	2024-02-16 13:09:36.319934+00
24	core	0005_telim	2024-02-16 13:09:36.327421+00
25	core	0006_delete_telim	2024-02-16 13:09:36.330982+00
26	blog	0003_tag_blog_tags	2024-02-16 13:09:36.354703+00
27	blog	0004_tag_slug	2024-02-16 13:09:36.36899+00
28	blog	0005_alter_blog_tags	2024-02-16 13:09:36.375751+00
29	blog	0006_blog_date	2024-02-16 13:09:36.3832+00
30	blog	0007_blogcategory_description	2024-02-16 13:09:36.391625+00
31	blog	0008_blog_reading_time	2024-02-16 13:09:36.398939+00
32	blog	0009_remove_blog_category	2024-02-16 13:09:36.409071+00
33	blog	0010_remove_blog_reading_time	2024-02-16 13:09:36.414828+00
34	blog	0011_remove_blog_date	2024-02-16 13:09:36.420326+00
35	blog	0012_blog_category	2024-02-16 13:09:36.430336+00
36	blog	0013_blogcategory_publish_datetime	2024-02-16 13:09:36.436919+00
37	blog	0014_alter_blogcategory_publish_datetime	2024-02-16 13:09:36.443209+00
38	blog	0015_remove_blogcategory_publish_datetime_and_more	2024-02-16 13:09:36.455672+00
39	blog	0016_category_remove_blogcategory_parent_and_more	2024-02-16 13:09:36.481451+00
40	core	0007_alter_hottopics_category	2024-02-16 13:09:36.49102+00
41	blog	0017_delete_blogcategory_category_main_blog_cat	2024-02-16 13:09:36.507518+00
42	blog	0018_rename_main_category_parent	2024-02-16 13:09:36.517885+00
43	blog	0019_alter_blog_cat_alter_blog_description	2024-02-16 13:09:36.533729+00
44	django_summernote	0001_initial	2024-02-16 13:09:36.540076+00
45	django_summernote	0002_update-help_text	2024-02-16 13:09:36.544193+00
46	django_summernote	0003_alter_attachment_id	2024-02-16 13:09:36.553239+00
47	event	0001_initial	2024-02-16 13:09:36.567841+00
48	event	0002_remove_event_category_delete_eventcategory	2024-02-16 13:09:36.575972+00
49	service	0001_initial	2024-02-16 13:09:36.590801+00
50	service	0002_servicecategory_description	2024-02-16 13:09:36.597614+00
51	service	0003_remove_servicecategory_description_and_more	2024-02-16 13:09:36.607641+00
52	service	0004_remove_service_category_delete_servicecategory	2024-02-16 13:09:36.615978+00
53	sessions	0001_initial	2024-02-16 13:09:36.628446+00
54	training	0001_initial	2024-02-16 13:09:36.642929+00
55	training	0002_remove_telim_category_delete_telimcategory	2024-02-16 13:09:36.651305+00
56	blog	0020_review_alter_blog_options_alter_tag_options	2024-02-16 13:43:35.979659+00
57	core	0008_alter_featured_options_alter_general_options_and_more	2024-02-16 13:43:35.991904+00
58	event	0003_alter_event_options	2024-02-16 13:43:35.995507+00
59	service	0005_alter_service_options	2024-02-16 13:43:35.999178+00
60	training	0003_alter_telim_options	2024-02-16 13:43:36.00259+00
61	blog	0021_review_profile_image	2024-02-17 11:28:38.406814+00
62	blog	0022_review_feedback_short_version	2024-02-17 12:16:50.257348+00
63	blog	0023_blog_reading_time	2024-02-17 12:32:53.99697+00
64	blog	0024_alter_blog_cat	2024-02-17 12:32:54.014034+00
\.


--
-- Data for Name: django_session; Type: TABLE DATA; Schema: public; Owner: trivasoft
--

COPY public.django_session (session_key, session_data, expire_date) FROM stdin;
869wcw6x68x19t008j84rczvi2aez53a	.eJxVjMsOwiAQRf-FtSFAebp07zeQGQakaiAp7cr479qkC93ec859sQjbWuM28hJnYmcm2el3Q0iP3HZAd2i3zlNv6zIj3xV-0MGvnfLzcrh_BxVG_dZqykpZLMYBequIVEbjtZQFc7EYjBEBbQIi5ydhPMngPIRJS5GKLoG9P-lHN-E:1raxz3:FuPrBekRAtO42bVNGza7Y0aRGtZ_j3D3h_09TGs0tXI	2024-03-01 13:10:29.969492+00
ufxhgdppr6ppd5mxfswhy15h7gtnmria	.eJxVjMsOwiAQRf-FtSEBymNcuvcbyMAMUjWQlHZl_Hdt0oVu7znnvkTEba1xG7zEmcRZaHH63RLmB7cd0B3brcvc27rMSe6KPOiQ1078vBzu30HFUb816ARkoBhv08ToDDnHWJRFoqKQlGaY0HjEABh88EwWNBiVs5-AWbw_-8k4gQ:1rbFqi:s-eFgrkPxom-jJle3zK1lyPPPtA2tCyRYI6i7ZV8a6k	2024-03-02 08:15:04.373706+00
7om21pgasi72xqdu780k2t91hnjkpsrj	.eJxVjMsOwiAQRf-FtSEBymNcuvcbyMAMUjWQlHZl_Hdt0oVu7znnvkTEba1xG7zEmcRZaHH63RLmB7cd0B3brcvc27rMSe6KPOiQ1078vBzu30HFUb816ARkoBhv08ToDDnHWJRFoqKQlGaY0HjEABh88EwWNBiVs5-AWbw_-8k4gQ:1rbGVD:AcXpJq2kG1WINreeZTiolw7b05-EFoSGAjvStwAX-DU	2024-03-02 08:56:55.194841+00
\.


--
-- Data for Name: django_summernote_attachment; Type: TABLE DATA; Schema: public; Owner: trivasoft
--

COPY public.django_summernote_attachment (id, name, file, uploaded) FROM stdin;
\.


--
-- Data for Name: event_event; Type: TABLE DATA; Schema: public; Owner: trivasoft
--

COPY public.event_event (id, name, sort) FROM stdin;
8	Təlim	1
10	Le Görüşlər	3
9	Seminar	2
\.


--
-- Data for Name: service_service; Type: TABLE DATA; Schema: public; Owner: trivasoft
--

COPY public.service_service (id, name, sort, description) FROM stdin;
1	Konsultasiya	0	<p>1</p>
2	Sosial Media Dərsləri	0	<p>q</p>
3	Mentorluq	0	<p>1</p>
4	Yol xəritəsi	0	<p>1</p>
5	Təlimlər	0	<p>1</p>
6	Strategiya yazılması	0	<p>2</p>
7	SM səhifə idarəsi	0	<p>1</p>
\.


--
-- Data for Name: training_telim; Type: TABLE DATA; Schema: public; Owner: trivasoft
--

COPY public.training_telim (id, name, sort) FROM stdin;
1	Başdan Başa	0
2	Gəl Nişanlanaq	0
3	Sözbaz	0
4	Ads Mads	0
5	Özünü Sata Bilərsən?	0
6	İn Fluenser	0
7	Lö Azadlıq	0
\.


--
-- Name: auth_group_id_seq; Type: SEQUENCE SET; Schema: public; Owner: trivasoft
--

SELECT pg_catalog.setval('public.auth_group_id_seq', 1, false);


--
-- Name: auth_group_permissions_id_seq; Type: SEQUENCE SET; Schema: public; Owner: trivasoft
--

SELECT pg_catalog.setval('public.auth_group_permissions_id_seq', 1, false);


--
-- Name: auth_permission_id_seq; Type: SEQUENCE SET; Schema: public; Owner: trivasoft
--

SELECT pg_catalog.setval('public.auth_permission_id_seq', 72, true);


--
-- Name: auth_user_groups_id_seq; Type: SEQUENCE SET; Schema: public; Owner: trivasoft
--

SELECT pg_catalog.setval('public.auth_user_groups_id_seq', 1, false);


--
-- Name: auth_user_id_seq; Type: SEQUENCE SET; Schema: public; Owner: trivasoft
--

SELECT pg_catalog.setval('public.auth_user_id_seq', 2, true);


--
-- Name: auth_user_user_permissions_id_seq; Type: SEQUENCE SET; Schema: public; Owner: trivasoft
--

SELECT pg_catalog.setval('public.auth_user_user_permissions_id_seq', 1, false);


--
-- Name: blog_blog_id_seq; Type: SEQUENCE SET; Schema: public; Owner: trivasoft
--

SELECT pg_catalog.setval('public.blog_blog_id_seq', 10, true);


--
-- Name: blog_blog_tags_id_seq; Type: SEQUENCE SET; Schema: public; Owner: trivasoft
--

SELECT pg_catalog.setval('public.blog_blog_tags_id_seq', 1, false);


--
-- Name: blog_category_id_seq; Type: SEQUENCE SET; Schema: public; Owner: trivasoft
--

SELECT pg_catalog.setval('public.blog_category_id_seq', 17, true);


--
-- Name: blog_review_id_seq; Type: SEQUENCE SET; Schema: public; Owner: trivasoft
--

SELECT pg_catalog.setval('public.blog_review_id_seq', 6, true);


--
-- Name: blog_tag_id_seq; Type: SEQUENCE SET; Schema: public; Owner: trivasoft
--

SELECT pg_catalog.setval('public.blog_tag_id_seq', 1, false);


--
-- Name: core_featured_id_seq; Type: SEQUENCE SET; Schema: public; Owner: trivasoft
--

SELECT pg_catalog.setval('public.core_featured_id_seq', 8, true);


--
-- Name: core_general_id_seq; Type: SEQUENCE SET; Schema: public; Owner: trivasoft
--

SELECT pg_catalog.setval('public.core_general_id_seq', 1, false);


--
-- Name: core_hottopics_id_seq; Type: SEQUENCE SET; Schema: public; Owner: trivasoft
--

SELECT pg_catalog.setval('public.core_hottopics_id_seq', 5, true);


--
-- Name: core_social_id_seq; Type: SEQUENCE SET; Schema: public; Owner: trivasoft
--

SELECT pg_catalog.setval('public.core_social_id_seq', 1, false);


--
-- Name: django_admin_log_id_seq; Type: SEQUENCE SET; Schema: public; Owner: trivasoft
--

SELECT pg_catalog.setval('public.django_admin_log_id_seq', 130, true);


--
-- Name: django_content_type_id_seq; Type: SEQUENCE SET; Schema: public; Owner: trivasoft
--

SELECT pg_catalog.setval('public.django_content_type_id_seq', 18, true);


--
-- Name: django_migrations_id_seq; Type: SEQUENCE SET; Schema: public; Owner: trivasoft
--

SELECT pg_catalog.setval('public.django_migrations_id_seq', 64, true);


--
-- Name: django_summernote_attachment_id_seq; Type: SEQUENCE SET; Schema: public; Owner: trivasoft
--

SELECT pg_catalog.setval('public.django_summernote_attachment_id_seq', 1, false);


--
-- Name: event_event_id_seq; Type: SEQUENCE SET; Schema: public; Owner: trivasoft
--

SELECT pg_catalog.setval('public.event_event_id_seq', 10, true);


--
-- Name: service_service_id_seq; Type: SEQUENCE SET; Schema: public; Owner: trivasoft
--

SELECT pg_catalog.setval('public.service_service_id_seq', 7, true);


--
-- Name: training_telim_id_seq; Type: SEQUENCE SET; Schema: public; Owner: trivasoft
--

SELECT pg_catalog.setval('public.training_telim_id_seq', 7, true);


--
-- Name: auth_group auth_group_name_key; Type: CONSTRAINT; Schema: public; Owner: trivasoft
--

ALTER TABLE ONLY public.auth_group
    ADD CONSTRAINT auth_group_name_key UNIQUE (name);


--
-- Name: auth_group_permissions auth_group_permissions_group_id_permission_id_0cd325b0_uniq; Type: CONSTRAINT; Schema: public; Owner: trivasoft
--

ALTER TABLE ONLY public.auth_group_permissions
    ADD CONSTRAINT auth_group_permissions_group_id_permission_id_0cd325b0_uniq UNIQUE (group_id, permission_id);


--
-- Name: auth_group_permissions auth_group_permissions_pkey; Type: CONSTRAINT; Schema: public; Owner: trivasoft
--

ALTER TABLE ONLY public.auth_group_permissions
    ADD CONSTRAINT auth_group_permissions_pkey PRIMARY KEY (id);


--
-- Name: auth_group auth_group_pkey; Type: CONSTRAINT; Schema: public; Owner: trivasoft
--

ALTER TABLE ONLY public.auth_group
    ADD CONSTRAINT auth_group_pkey PRIMARY KEY (id);


--
-- Name: auth_permission auth_permission_content_type_id_codename_01ab375a_uniq; Type: CONSTRAINT; Schema: public; Owner: trivasoft
--

ALTER TABLE ONLY public.auth_permission
    ADD CONSTRAINT auth_permission_content_type_id_codename_01ab375a_uniq UNIQUE (content_type_id, codename);


--
-- Name: auth_permission auth_permission_pkey; Type: CONSTRAINT; Schema: public; Owner: trivasoft
--

ALTER TABLE ONLY public.auth_permission
    ADD CONSTRAINT auth_permission_pkey PRIMARY KEY (id);


--
-- Name: auth_user_groups auth_user_groups_pkey; Type: CONSTRAINT; Schema: public; Owner: trivasoft
--

ALTER TABLE ONLY public.auth_user_groups
    ADD CONSTRAINT auth_user_groups_pkey PRIMARY KEY (id);


--
-- Name: auth_user_groups auth_user_groups_user_id_group_id_94350c0c_uniq; Type: CONSTRAINT; Schema: public; Owner: trivasoft
--

ALTER TABLE ONLY public.auth_user_groups
    ADD CONSTRAINT auth_user_groups_user_id_group_id_94350c0c_uniq UNIQUE (user_id, group_id);


--
-- Name: auth_user auth_user_pkey; Type: CONSTRAINT; Schema: public; Owner: trivasoft
--

ALTER TABLE ONLY public.auth_user
    ADD CONSTRAINT auth_user_pkey PRIMARY KEY (id);


--
-- Name: auth_user_user_permissions auth_user_user_permissions_pkey; Type: CONSTRAINT; Schema: public; Owner: trivasoft
--

ALTER TABLE ONLY public.auth_user_user_permissions
    ADD CONSTRAINT auth_user_user_permissions_pkey PRIMARY KEY (id);


--
-- Name: auth_user_user_permissions auth_user_user_permissions_user_id_permission_id_14a6b632_uniq; Type: CONSTRAINT; Schema: public; Owner: trivasoft
--

ALTER TABLE ONLY public.auth_user_user_permissions
    ADD CONSTRAINT auth_user_user_permissions_user_id_permission_id_14a6b632_uniq UNIQUE (user_id, permission_id);


--
-- Name: auth_user auth_user_username_key; Type: CONSTRAINT; Schema: public; Owner: trivasoft
--

ALTER TABLE ONLY public.auth_user
    ADD CONSTRAINT auth_user_username_key UNIQUE (username);


--
-- Name: blog_blog blog_blog_pkey; Type: CONSTRAINT; Schema: public; Owner: trivasoft
--

ALTER TABLE ONLY public.blog_blog
    ADD CONSTRAINT blog_blog_pkey PRIMARY KEY (id);


--
-- Name: blog_blog_tags blog_blog_tags_blog_id_tag_id_211c6be5_uniq; Type: CONSTRAINT; Schema: public; Owner: trivasoft
--

ALTER TABLE ONLY public.blog_blog_tags
    ADD CONSTRAINT blog_blog_tags_blog_id_tag_id_211c6be5_uniq UNIQUE (blog_id, tag_id);


--
-- Name: blog_blog_tags blog_blog_tags_pkey; Type: CONSTRAINT; Schema: public; Owner: trivasoft
--

ALTER TABLE ONLY public.blog_blog_tags
    ADD CONSTRAINT blog_blog_tags_pkey PRIMARY KEY (id);


--
-- Name: blog_category blog_category_pkey; Type: CONSTRAINT; Schema: public; Owner: trivasoft
--

ALTER TABLE ONLY public.blog_category
    ADD CONSTRAINT blog_category_pkey PRIMARY KEY (id);


--
-- Name: blog_review blog_review_pkey; Type: CONSTRAINT; Schema: public; Owner: trivasoft
--

ALTER TABLE ONLY public.blog_review
    ADD CONSTRAINT blog_review_pkey PRIMARY KEY (id);


--
-- Name: blog_tag blog_tag_name_key; Type: CONSTRAINT; Schema: public; Owner: trivasoft
--

ALTER TABLE ONLY public.blog_tag
    ADD CONSTRAINT blog_tag_name_key UNIQUE (name);


--
-- Name: blog_tag blog_tag_pkey; Type: CONSTRAINT; Schema: public; Owner: trivasoft
--

ALTER TABLE ONLY public.blog_tag
    ADD CONSTRAINT blog_tag_pkey PRIMARY KEY (id);


--
-- Name: blog_tag blog_tag_slug_key; Type: CONSTRAINT; Schema: public; Owner: trivasoft
--

ALTER TABLE ONLY public.blog_tag
    ADD CONSTRAINT blog_tag_slug_key UNIQUE (slug);


--
-- Name: core_featured core_featured_pkey; Type: CONSTRAINT; Schema: public; Owner: trivasoft
--

ALTER TABLE ONLY public.core_featured
    ADD CONSTRAINT core_featured_pkey PRIMARY KEY (id);


--
-- Name: core_general core_general_pkey; Type: CONSTRAINT; Schema: public; Owner: trivasoft
--

ALTER TABLE ONLY public.core_general
    ADD CONSTRAINT core_general_pkey PRIMARY KEY (id);


--
-- Name: core_hottopics core_hottopics_pkey; Type: CONSTRAINT; Schema: public; Owner: trivasoft
--

ALTER TABLE ONLY public.core_hottopics
    ADD CONSTRAINT core_hottopics_pkey PRIMARY KEY (id);


--
-- Name: core_social core_social_pkey; Type: CONSTRAINT; Schema: public; Owner: trivasoft
--

ALTER TABLE ONLY public.core_social
    ADD CONSTRAINT core_social_pkey PRIMARY KEY (id);


--
-- Name: django_admin_log django_admin_log_pkey; Type: CONSTRAINT; Schema: public; Owner: trivasoft
--

ALTER TABLE ONLY public.django_admin_log
    ADD CONSTRAINT django_admin_log_pkey PRIMARY KEY (id);


--
-- Name: django_content_type django_content_type_app_label_model_76bd3d3b_uniq; Type: CONSTRAINT; Schema: public; Owner: trivasoft
--

ALTER TABLE ONLY public.django_content_type
    ADD CONSTRAINT django_content_type_app_label_model_76bd3d3b_uniq UNIQUE (app_label, model);


--
-- Name: django_content_type django_content_type_pkey; Type: CONSTRAINT; Schema: public; Owner: trivasoft
--

ALTER TABLE ONLY public.django_content_type
    ADD CONSTRAINT django_content_type_pkey PRIMARY KEY (id);


--
-- Name: django_migrations django_migrations_pkey; Type: CONSTRAINT; Schema: public; Owner: trivasoft
--

ALTER TABLE ONLY public.django_migrations
    ADD CONSTRAINT django_migrations_pkey PRIMARY KEY (id);


--
-- Name: django_session django_session_pkey; Type: CONSTRAINT; Schema: public; Owner: trivasoft
--

ALTER TABLE ONLY public.django_session
    ADD CONSTRAINT django_session_pkey PRIMARY KEY (session_key);


--
-- Name: django_summernote_attachment django_summernote_attachment_pkey; Type: CONSTRAINT; Schema: public; Owner: trivasoft
--

ALTER TABLE ONLY public.django_summernote_attachment
    ADD CONSTRAINT django_summernote_attachment_pkey PRIMARY KEY (id);


--
-- Name: event_event event_event_pkey; Type: CONSTRAINT; Schema: public; Owner: trivasoft
--

ALTER TABLE ONLY public.event_event
    ADD CONSTRAINT event_event_pkey PRIMARY KEY (id);


--
-- Name: service_service service_service_pkey; Type: CONSTRAINT; Schema: public; Owner: trivasoft
--

ALTER TABLE ONLY public.service_service
    ADD CONSTRAINT service_service_pkey PRIMARY KEY (id);


--
-- Name: training_telim training_telim_pkey; Type: CONSTRAINT; Schema: public; Owner: trivasoft
--

ALTER TABLE ONLY public.training_telim
    ADD CONSTRAINT training_telim_pkey PRIMARY KEY (id);


--
-- Name: auth_group_name_a6ea08ec_like; Type: INDEX; Schema: public; Owner: trivasoft
--

CREATE INDEX auth_group_name_a6ea08ec_like ON public.auth_group USING btree (name varchar_pattern_ops);


--
-- Name: auth_group_permissions_group_id_b120cbf9; Type: INDEX; Schema: public; Owner: trivasoft
--

CREATE INDEX auth_group_permissions_group_id_b120cbf9 ON public.auth_group_permissions USING btree (group_id);


--
-- Name: auth_group_permissions_permission_id_84c5c92e; Type: INDEX; Schema: public; Owner: trivasoft
--

CREATE INDEX auth_group_permissions_permission_id_84c5c92e ON public.auth_group_permissions USING btree (permission_id);


--
-- Name: auth_permission_content_type_id_2f476e4b; Type: INDEX; Schema: public; Owner: trivasoft
--

CREATE INDEX auth_permission_content_type_id_2f476e4b ON public.auth_permission USING btree (content_type_id);


--
-- Name: auth_user_groups_group_id_97559544; Type: INDEX; Schema: public; Owner: trivasoft
--

CREATE INDEX auth_user_groups_group_id_97559544 ON public.auth_user_groups USING btree (group_id);


--
-- Name: auth_user_groups_user_id_6a12ed8b; Type: INDEX; Schema: public; Owner: trivasoft
--

CREATE INDEX auth_user_groups_user_id_6a12ed8b ON public.auth_user_groups USING btree (user_id);


--
-- Name: auth_user_user_permissions_permission_id_1fbb5f2c; Type: INDEX; Schema: public; Owner: trivasoft
--

CREATE INDEX auth_user_user_permissions_permission_id_1fbb5f2c ON public.auth_user_user_permissions USING btree (permission_id);


--
-- Name: auth_user_user_permissions_user_id_a95ead1b; Type: INDEX; Schema: public; Owner: trivasoft
--

CREATE INDEX auth_user_user_permissions_user_id_a95ead1b ON public.auth_user_user_permissions USING btree (user_id);


--
-- Name: auth_user_username_6821ab7c_like; Type: INDEX; Schema: public; Owner: trivasoft
--

CREATE INDEX auth_user_username_6821ab7c_like ON public.auth_user USING btree (username varchar_pattern_ops);


--
-- Name: blog_blog_cat_id_ee468a36; Type: INDEX; Schema: public; Owner: trivasoft
--

CREATE INDEX blog_blog_cat_id_ee468a36 ON public.blog_blog USING btree (cat_id);


--
-- Name: blog_blog_tags_blog_id_e4cd5f6a; Type: INDEX; Schema: public; Owner: trivasoft
--

CREATE INDEX blog_blog_tags_blog_id_e4cd5f6a ON public.blog_blog_tags USING btree (blog_id);


--
-- Name: blog_blog_tags_tag_id_36a3abc6; Type: INDEX; Schema: public; Owner: trivasoft
--

CREATE INDEX blog_blog_tags_tag_id_36a3abc6 ON public.blog_blog_tags USING btree (tag_id);


--
-- Name: blog_category_main_id_c0b5f18f; Type: INDEX; Schema: public; Owner: trivasoft
--

CREATE INDEX blog_category_main_id_c0b5f18f ON public.blog_category USING btree (parent_id);


--
-- Name: blog_category_tree_id_debdb34e; Type: INDEX; Schema: public; Owner: trivasoft
--

CREATE INDEX blog_category_tree_id_debdb34e ON public.blog_category USING btree (tree_id);


--
-- Name: blog_tag_name_c5718cc8_like; Type: INDEX; Schema: public; Owner: trivasoft
--

CREATE INDEX blog_tag_name_c5718cc8_like ON public.blog_tag USING btree (name varchar_pattern_ops);


--
-- Name: blog_tag_slug_01068d0e_like; Type: INDEX; Schema: public; Owner: trivasoft
--

CREATE INDEX blog_tag_slug_01068d0e_like ON public.blog_tag USING btree (slug varchar_pattern_ops);


--
-- Name: core_featured_blog_id_ff30de69; Type: INDEX; Schema: public; Owner: trivasoft
--

CREATE INDEX core_featured_blog_id_ff30de69 ON public.core_featured USING btree (blog_id);


--
-- Name: core_hottopics_category_id_c28028b9; Type: INDEX; Schema: public; Owner: trivasoft
--

CREATE INDEX core_hottopics_category_id_c28028b9 ON public.core_hottopics USING btree (category_id);


--
-- Name: django_admin_log_content_type_id_c4bce8eb; Type: INDEX; Schema: public; Owner: trivasoft
--

CREATE INDEX django_admin_log_content_type_id_c4bce8eb ON public.django_admin_log USING btree (content_type_id);


--
-- Name: django_admin_log_user_id_c564eba6; Type: INDEX; Schema: public; Owner: trivasoft
--

CREATE INDEX django_admin_log_user_id_c564eba6 ON public.django_admin_log USING btree (user_id);


--
-- Name: django_session_expire_date_a5c62663; Type: INDEX; Schema: public; Owner: trivasoft
--

CREATE INDEX django_session_expire_date_a5c62663 ON public.django_session USING btree (expire_date);


--
-- Name: django_session_session_key_c0390e0f_like; Type: INDEX; Schema: public; Owner: trivasoft
--

CREATE INDEX django_session_session_key_c0390e0f_like ON public.django_session USING btree (session_key varchar_pattern_ops);


--
-- Name: auth_group_permissions auth_group_permissio_permission_id_84c5c92e_fk_auth_perm; Type: FK CONSTRAINT; Schema: public; Owner: trivasoft
--

ALTER TABLE ONLY public.auth_group_permissions
    ADD CONSTRAINT auth_group_permissio_permission_id_84c5c92e_fk_auth_perm FOREIGN KEY (permission_id) REFERENCES public.auth_permission(id) DEFERRABLE INITIALLY DEFERRED;


--
-- Name: auth_group_permissions auth_group_permissions_group_id_b120cbf9_fk_auth_group_id; Type: FK CONSTRAINT; Schema: public; Owner: trivasoft
--

ALTER TABLE ONLY public.auth_group_permissions
    ADD CONSTRAINT auth_group_permissions_group_id_b120cbf9_fk_auth_group_id FOREIGN KEY (group_id) REFERENCES public.auth_group(id) DEFERRABLE INITIALLY DEFERRED;


--
-- Name: auth_permission auth_permission_content_type_id_2f476e4b_fk_django_co; Type: FK CONSTRAINT; Schema: public; Owner: trivasoft
--

ALTER TABLE ONLY public.auth_permission
    ADD CONSTRAINT auth_permission_content_type_id_2f476e4b_fk_django_co FOREIGN KEY (content_type_id) REFERENCES public.django_content_type(id) DEFERRABLE INITIALLY DEFERRED;


--
-- Name: auth_user_groups auth_user_groups_group_id_97559544_fk_auth_group_id; Type: FK CONSTRAINT; Schema: public; Owner: trivasoft
--

ALTER TABLE ONLY public.auth_user_groups
    ADD CONSTRAINT auth_user_groups_group_id_97559544_fk_auth_group_id FOREIGN KEY (group_id) REFERENCES public.auth_group(id) DEFERRABLE INITIALLY DEFERRED;


--
-- Name: auth_user_groups auth_user_groups_user_id_6a12ed8b_fk_auth_user_id; Type: FK CONSTRAINT; Schema: public; Owner: trivasoft
--

ALTER TABLE ONLY public.auth_user_groups
    ADD CONSTRAINT auth_user_groups_user_id_6a12ed8b_fk_auth_user_id FOREIGN KEY (user_id) REFERENCES public.auth_user(id) DEFERRABLE INITIALLY DEFERRED;


--
-- Name: auth_user_user_permissions auth_user_user_permi_permission_id_1fbb5f2c_fk_auth_perm; Type: FK CONSTRAINT; Schema: public; Owner: trivasoft
--

ALTER TABLE ONLY public.auth_user_user_permissions
    ADD CONSTRAINT auth_user_user_permi_permission_id_1fbb5f2c_fk_auth_perm FOREIGN KEY (permission_id) REFERENCES public.auth_permission(id) DEFERRABLE INITIALLY DEFERRED;


--
-- Name: auth_user_user_permissions auth_user_user_permissions_user_id_a95ead1b_fk_auth_user_id; Type: FK CONSTRAINT; Schema: public; Owner: trivasoft
--

ALTER TABLE ONLY public.auth_user_user_permissions
    ADD CONSTRAINT auth_user_user_permissions_user_id_a95ead1b_fk_auth_user_id FOREIGN KEY (user_id) REFERENCES public.auth_user(id) DEFERRABLE INITIALLY DEFERRED;


--
-- Name: blog_blog blog_blog_cat_id_ee468a36_fk_blog_category_id; Type: FK CONSTRAINT; Schema: public; Owner: trivasoft
--

ALTER TABLE ONLY public.blog_blog
    ADD CONSTRAINT blog_blog_cat_id_ee468a36_fk_blog_category_id FOREIGN KEY (cat_id) REFERENCES public.blog_category(id) DEFERRABLE INITIALLY DEFERRED;


--
-- Name: blog_blog_tags blog_blog_tags_blog_id_e4cd5f6a_fk_blog_blog_id; Type: FK CONSTRAINT; Schema: public; Owner: trivasoft
--

ALTER TABLE ONLY public.blog_blog_tags
    ADD CONSTRAINT blog_blog_tags_blog_id_e4cd5f6a_fk_blog_blog_id FOREIGN KEY (blog_id) REFERENCES public.blog_blog(id) DEFERRABLE INITIALLY DEFERRED;


--
-- Name: blog_blog_tags blog_blog_tags_tag_id_36a3abc6_fk_blog_tag_id; Type: FK CONSTRAINT; Schema: public; Owner: trivasoft
--

ALTER TABLE ONLY public.blog_blog_tags
    ADD CONSTRAINT blog_blog_tags_tag_id_36a3abc6_fk_blog_tag_id FOREIGN KEY (tag_id) REFERENCES public.blog_tag(id) DEFERRABLE INITIALLY DEFERRED;


--
-- Name: blog_category blog_category_parent_id_2d80fe5c_fk_blog_category_id; Type: FK CONSTRAINT; Schema: public; Owner: trivasoft
--

ALTER TABLE ONLY public.blog_category
    ADD CONSTRAINT blog_category_parent_id_2d80fe5c_fk_blog_category_id FOREIGN KEY (parent_id) REFERENCES public.blog_category(id) DEFERRABLE INITIALLY DEFERRED;


--
-- Name: core_featured core_featured_blog_id_ff30de69_fk_blog_blog_id; Type: FK CONSTRAINT; Schema: public; Owner: trivasoft
--

ALTER TABLE ONLY public.core_featured
    ADD CONSTRAINT core_featured_blog_id_ff30de69_fk_blog_blog_id FOREIGN KEY (blog_id) REFERENCES public.blog_blog(id) DEFERRABLE INITIALLY DEFERRED;


--
-- Name: core_hottopics core_hottopics_category_id_c28028b9_fk_blog_category_id; Type: FK CONSTRAINT; Schema: public; Owner: trivasoft
--

ALTER TABLE ONLY public.core_hottopics
    ADD CONSTRAINT core_hottopics_category_id_c28028b9_fk_blog_category_id FOREIGN KEY (category_id) REFERENCES public.blog_category(id) DEFERRABLE INITIALLY DEFERRED;


--
-- Name: django_admin_log django_admin_log_content_type_id_c4bce8eb_fk_django_co; Type: FK CONSTRAINT; Schema: public; Owner: trivasoft
--

ALTER TABLE ONLY public.django_admin_log
    ADD CONSTRAINT django_admin_log_content_type_id_c4bce8eb_fk_django_co FOREIGN KEY (content_type_id) REFERENCES public.django_content_type(id) DEFERRABLE INITIALLY DEFERRED;


--
-- Name: django_admin_log django_admin_log_user_id_c564eba6_fk_auth_user_id; Type: FK CONSTRAINT; Schema: public; Owner: trivasoft
--

ALTER TABLE ONLY public.django_admin_log
    ADD CONSTRAINT django_admin_log_user_id_c564eba6_fk_auth_user_id FOREIGN KEY (user_id) REFERENCES public.auth_user(id) DEFERRABLE INITIALLY DEFERRED;


--
-- PostgreSQL database dump complete
--

